Date,BTC,ETH,BNB,SOL,TRX
8/1/2020,11759.59277,385.199707,21.53043175,1.526610017,0.020396
8/2/2020,11053.61426,370.6717224,20.94488716,1.742810011,0.019038999
8/3/2020,11246.34863,386.295166,22.05501175,1.802610993,0.019887
8/4/2020,11205.89258,389.8754883,22.28258514,1.871639013,0.020352
8/5/2020,11747.02246,401.5905762,23.33621788,1.75454998,0.020451
8/6/2020,11779.77344,394.9619446,22.70766068,2.206347942,0.020275
8/7/2020,11601.47266,379.5128479,22.31154633,2.085902929,0.019938
8/8/2020,11754.0459,393.9873657,22.87811852,2.473624945,0.020417999
8/9/2020,11675.73926,391.1204529,22.47553635,2.66522789,0.020473
8/10/2020,11878.11133,395.8875732,22.61379623,3.131793022,0.021516999
8/11/2020,11410.52539,380.3840637,21.25694466,3.303419113,0.020157
8/12/2020,11584.93457,391.0241699,21.75144958,3.769751072,0.020391
8/13/2020,11784.1377,428.7417908,22.07554436,3.755970955,0.022606
8/14/2020,11768.87109,437.3978271,23.06979179,3.409388065,0.02475
8/15/2020,11865.69824,433.3549194,23.0217514,3.183794975,0.025201
8/16/2020,11892.80371,433.7866211,23.49710274,3.385653019,0.028207
8/17/2020,12254.40234,429.53125,23.51010323,3.098608017,0.030387999
8/18/2020,11991.2334,423.6693115,23.06718063,3.329976082,0.028803
8/19/2020,11758.2832,406.4637756,22.31039619,2.899040937,0.026536999
8/20/2020,11878.37207,416.4397888,23.09257507,3.208266973,0.027544999
8/21/2020,11592.48926,389.1263428,22.12899399,2.943667889,0.024343001
8/22/2020,11681.8252,395.835144,22.23982048,3.020885944,0.025163
8/23/2020,11664.84766,391.384491,21.87084198,3.322431087,0.024465
8/24/2020,11774.5957,408.1441956,22.60585213,3.344985962,0.025163
8/25/2020,11366.13477,384.0010376,21.47536659,3.264849901,0.023132
8/26/2020,11488.36328,386.4661255,22.2773056,3.558374882,0.023747001
8/27/2020,11323.39746,382.6326294,23.08075333,3.445060015,0.0231
8/28/2020,11542.5,395.8746643,23.13381195,4.01139307,0.023980999
8/29/2020,11506.86523,399.9214783,23.01127243,3.968808889,0.025038
8/30/2020,11711.50586,428.3957214,23.64491463,4.435822964,0.026952
8/31/2020,11680.82031,435.0797424,23.19305038,4.782045841,0.029298
9/1/2020,11970.47852,477.0519104,24.82209587,4.3445158,0.034552999
9/2/2020,11414.03418,440.0404968,24.69036293,4.164472103,0.034451
9/3/2020,10245.29688,385.671936,20.6198864,3.527339935,0.041191999
9/4/2020,10511.81348,388.2411499,21.05610657,3.54579401,0.03562
9/5/2020,10169.56738,335.2600708,19.4787674,2.597915888,0.029997
9/6/2020,10280.35156,353.3622742,23.19066238,3.086042881,0.031523
9/7/2020,10369.56348,352.6734924,22.39330673,2.92852807,0.032276001
9/8/2020,10131.5166,337.6021118,23.19024849,2.468976974,0.035000999
9/9/2020,10242.34766,351.1100159,24.5302906,3.63637805,0.034024999
9/10/2020,10363.13867,368.1018982,24.55988884,3.46983695,0.033077002
9/11/2020,10400.91504,374.6955872,25.45141411,3.427428007,0.033509001
9/12/2020,10442.1709,387.1831055,28.5298481,3.33265996,0.032749001
9/13/2020,10323.75586,365.5700073,31.05862999,3.2258389,0.030583
9/14/2020,10680.83789,377.2688599,31.17864227,3.269133091,0.030452
9/15/2020,10796.95117,364.8392029,27.20239067,2.939121008,0.027900999
9/16/2020,10974.90527,365.8122864,27.96459389,2.545398951,0.026494
9/17/2020,10948.99023,389.0192261,26.99312973,2.891874075,0.028104
9/18/2020,10944.58594,384.3645325,27.39948082,3.107939959,0.029089
9/19/2020,11094.34668,385.5443726,27.25111198,3.028891087,0.027782001
9/20/2020,10938.27148,371.0528259,26.39213371,2.870903015,0.026965
9/21/2020,10462.25977,341.7860718,23.26787949,2.782509089,0.024999
9/22/2020,10538.45996,344.5031738,24.10074043,2.915518999,0.025044
9/23/2020,10246.18652,321.1163025,22.85697746,2.836756945,0.024859
9/24/2020,10760.06641,349.3555908,24.61382484,3.132714987,0.026193
9/25/2020,10692.7168,352.1832581,24.6633873,3.188611984,0.027151
9/26/2020,10750.72363,355.4880981,26.22118187,3.134702921,0.027251
9/27/2020,10775.26953,357.4385071,26.19921684,3.152946949,0.026589001
9/28/2020,10709.65234,355.1594238,26.97960663,2.956677914,0.026309
9/29/2020,10844.64063,359.7573853,28.84297943,2.946433067,0.0263
9/30/2020,10784.49121,359.9378662,29.29087639,2.897876024,0.026059
10/1/2020,10619.45215,353.2059021,27.4319725,2.861027956,0.025596
10/2/2020,10575.97461,346.2389221,27.28568077,2.626082897,0.025922
10/3/2020,10549.3291,346.5220947,28.20231056,2.547302961,0.027092
10/4/2020,10669.58301,352.57901,28.94385338,2.515995026,0.026361
10/5/2020,10793.33984,353.9567871,28.65910339,2.657644033,0.026443001
10/6/2020,10604.40625,340.8158569,27.71452713,2.176249981,0.02558
10/7/2020,10668.96875,341.8086548,27.70483589,2.291795969,0.025477
10/8/2020,10915.68555,350.7661438,27.70531082,2.36522007,0.025671
10/9/2020,11064.45801,365.5904846,28.44503021,2.539859056,0.026223
10/10/2020,11296.36133,370.9675903,28.31248665,2.406090021,0.02637
10/11/2020,11384.18164,375.1420593,28.55558014,2.426578045,0.026466999
10/12/2020,11555.36328,387.7312622,30.71468163,2.587071896,0.027082
10/13/2020,11425.89941,381.1907654,30.70674515,2.404910088,0.026788
10/14/2020,11429.50684,379.4840393,30.91211891,2.314635038,0.026827
10/15/2020,11495.34961,377.4418335,31.29586411,2.2664361,0.026536001
10/16/2020,11322.12305,366.2290039,29.99489975,2.149385929,0.025738999
10/17/2020,11358.10156,368.8559265,30.2482357,2.201843023,0.025746001
10/18/2020,11483.35938,378.2136841,30.65952301,2.214267015,0.025936
10/19/2020,11742.03711,379.9356079,29.9250679,2.058079958,0.025861001
10/20/2020,11916.33496,369.1369019,28.80344391,1.888671994,0.026012
10/21/2020,12823.68945,392.1899719,29.77235413,1.890377998,0.026721001
10/22/2020,12965.8916,413.7729797,30.65819168,1.955652952,0.027042
10/23/2020,12931.53906,409.7666931,30.63396072,1.960034966,0.026691001
10/24/2020,13108.0625,412.4576111,30.58882141,1.911828041,0.02705
10/25/2020,13031.17383,406.2177734,30.10754013,1.787459016,0.026935
10/26/2020,13075.24805,393.8883057,31.15456009,1.685466051,0.026761999
10/27/2020,13654.21875,403.9970398,31.63872147,1.710232019,0.026961001
10/28/2020,13271.28516,388.6507568,30.36350632,1.490053058,0.026852001
10/29/2020,13437.88281,386.7301025,29.8424778,1.428936005,0.026489999
10/30/2020,13546.52246,382.8199768,28.50841141,1.441336036,0.025626
10/31/2020,13780.99512,386.590332,28.43121529,1.540699959,0.025769999
11/1/2020,13737.10938,396.3581848,28.46156502,1.599840045,0.025727
11/2/2020,13550.48926,383.1567383,27.88393021,1.47407198,0.024433
11/3/2020,13950.30078,387.6021729,26.85704994,1.412233949,0.024416
11/4/2020,14133.70703,402.1419983,26.93151474,1.392254949,0.024196001
11/5/2020,15579.84863,414.0673523,27.67585945,1.405218005,0.024962001
11/6/2020,15565.88086,454.7192993,29.01799965,1.913740039,0.026064999
11/7/2020,14833.75391,435.7131348,27.73809433,2.031964064,0.02492
11/8/2020,15479.56738,453.5547791,28.30511665,2.156598091,0.025365001
11/9/2020,15332.31543,444.1630554,28.01802063,2.028651953,0.024811
11/10/2020,15290.90234,449.6796265,28.19334221,2.247987032,0.024871999
11/11/2020,15701.33984,462.9605408,27.95617867,2.002125025,0.025054
11/12/2020,16276.34375,461.0052795,27.61480713,1.899137974,0.024937
11/13/2020,16317.80859,474.6264343,28.18217278,2.020792007,0.025405001
11/14/2020,16068.13867,460.1498413,27.9362011,1.917016029,0.025191
11/15/2020,15955.58789,447.559082,27.62103081,2.04323411,0.025409
11/16/2020,16716.11133,459.9403076,28.0641098,2.255354881,0.025596
11/17/2020,17645.40625,480.3600769,28.53058052,2.202181101,0.026467999
11/18/2020,17804.00586,479.4840698,28.07616234,2.115029097,0.026822001
11/19/2020,17817.08984,471.6304321,28.09410477,2.076769114,0.025801999
11/20/2020,18621.31445,509.7445679,28.89199638,2.095391989,0.02627
11/21/2020,18642.23242,549.4866333,30.39129066,2.382205009,0.030335
11/22/2020,18370.00195,558.0681152,29.92507172,2.144845009,0.028698999
11/23/2020,18364.12109,608.4540405,30.96536827,2.276376963,0.031672999
11/24/2020,19107.46484,603.8977661,33.80315018,2.267966986,0.035066999
11/25/2020,18732.12109,570.6866455,31.34296036,2.270034075,0.033105999
11/26/2020,17150.62305,518.8011475,28.204916,1.903036952,0.029386999
11/27/2020,17108.40234,517.4937134,28.4751873,1.857949018,0.029363001
11/28/2020,17717.41406,538.2297974,29.14391136,1.88893497,0.030435
11/29/2020,18177.48438,575.7580566,30.1176033,1.915155053,0.030699
11/30/2020,19625.83594,614.8425293,31.39278603,1.96689105,0.03232
12/1/2020,18802.99805,587.3241577,30.10830307,1.976307988,0.030277001
12/2/2020,19201.0918,598.352356,30.29736137,2.11540103,0.031196
12/3/2020,19445.39844,616.7087402,30.70442963,2.100370884,0.031640999
12/4/2020,18699.76563,569.354187,29.0722084,1.855952978,0.029553
12/5/2020,19154.23047,596.595459,29.72948837,1.978773952,0.030572001
12/6/2020,19345.12109,601.9089966,29.54080391,1.854249001,0.030925
12/7/2020,19191.63086,591.8433838,29.37813568,1.831172943,0.030316999
12/8/2020,18321.14453,554.8277588,27.63630676,1.665351987,0.027849
12/9/2020,18553.91602,573.479126,28.12930489,1.662304044,0.02871
12/10/2020,18264.99219,559.6785278,27.69618988,1.574151039,0.028146001
12/11/2020,18058.9043,545.7973633,27.36100388,1.444584966,0.027819
12/12/2020,18803.65625,568.5673218,28.1644516,1.490911961,0.028572001
12/13/2020,19142.38281,589.663208,29.1016922,1.565456033,0.029184001
12/14/2020,19246.64453,586.0111694,30.02957726,1.591645956,0.029088
12/15/2020,19417.07617,589.3555908,29.54728317,1.76067102,0.029206
12/16/2020,21310.59766,636.1818237,30.49019432,1.783597946,0.031176001
12/17/2020,22805.16211,642.8689575,30.18413353,1.678634048,0.030708
12/18/2020,23137.96094,654.8119507,30.93836021,1.698799968,0.031113001
12/19/2020,23869.83203,659.2979126,33.2963562,1.668650985,0.031289998
12/20/2020,23477.29492,638.2908325,34.16029739,1.563575983,0.031225
12/21/2020,22803.08203,609.8178711,32.26952744,1.541915059,0.029379999
12/22/2020,23783.0293,634.854187,33.4829483,1.490285993,0.028894
12/23/2020,23241.3457,583.7145996,31.09789848,1.205692053,0.02482
12/24/2020,23735.94922,611.6071777,32.50059128,1.362408042,0.027697001
12/25/2020,24664.79102,626.4107056,33.16497421,1.44540298,0.028496999
12/26/2020,26437.03711,635.8358154,33.47713852,1.324237943,0.027737999
12/27/2020,26272.29492,682.642334,33.51184845,1.303042054,0.028845999
12/28/2020,27084.80859,730.3973389,35.84455872,1.515684962,0.029532
12/29/2020,27362.4375,731.5201416,38.95283127,1.674345016,0.027690001
12/30/2020,28840.95313,751.6189575,38.13629913,1.535457015,0.026945001
12/31/2020,29001.7207,737.8034058,37.37603378,1.510897994,0.026833
1/1/2021,29374.15234,730.3675537,37.90501022,1.84208405,0.026939999
1/2/2021,32127.26758,774.5349731,38.24159241,1.799275041,0.027218999
1/3/2021,32782.02344,975.5076904,41.14897919,2.161751986,0.029495001
1/4/2021,31971.91406,1040.233032,40.92635345,2.485096931,0.030853
1/5/2021,33992.42969,1100.006104,41.73460007,2.157217026,0.028632
1/6/2021,36824.36328,1207.112183,42.16595459,1.929216981,0.030515
1/7/2021,39371.04297,1225.678101,43.44948959,2.372745037,0.031067999
1/8/2021,40797.60938,1224.197144,42.39531708,3.219887018,0.030613
1/9/2021,40254.54688,1281.077271,43.9328537,3.385381937,0.034026001
1/10/2021,38356.44141,1262.246704,42.44847488,3.466110945,0.032935001
1/11/2021,35566.65625,1090.145386,38.37136078,3.108089924,0.028963
1/12/2021,33922.96094,1043.43457,38.11161041,3.613398075,0.028558001
1/13/2021,37316.35938,1130.73938,40.13593292,3.513782024,0.030196
1/14/2021,39187.32813,1218.453003,41.7936821,3.27816391,0.03001
1/15/2021,36825.36719,1171.834595,40.91897964,3.250160933,0.029789999
1/16/2021,36178.14063,1233.537598,43.17182541,3.447055101,0.030153001
1/17/2021,35791.27734,1230.172241,45.68461227,3.818139076,0.030141
1/18/2021,36630.07422,1257.279541,45.3531723,3.79551506,0.031617999
1/19/2021,36069.80469,1377.295898,42.78553391,3.641865969,0.030792
1/20/2021,35547.75,1382.274048,42.60689926,3.723577976,0.030507
1/21/2021,30825.69922,1121.570923,38.64583969,2.990535975,0.027704
1/22/2021,33005.76172,1236.512207,40.85757065,3.346229076,0.028638
1/23/2021,32067.64258,1230.990601,40.81547928,3.504112005,0.029186999
1/24/2021,32289.37891,1391.609375,41.88160706,3.634411097,0.03002
1/25/2021,32366.39258,1324.414795,41.623703,3.699980974,0.029557999
1/26/2021,32569.84961,1357.058105,41.69473648,4.04734993,0.029513
1/27/2021,30432.54688,1253.187134,40.99487686,3.690587044,0.028325001
1/28/2021,33466.09766,1332.492188,42.52910614,3.822072029,0.029648
1/29/2021,34316.38672,1382.522827,42.85234833,3.834676027,0.033296
1/30/2021,34269.52344,1376.115479,44.77227783,4.224276066,0.032028001
1/31/2021,33114.35938,1314.986206,44.27599335,4.264143944,0.031603001
2/1/2021,33537.17578,1369.040527,51.60769653,4.61160183,0.032926999
2/2/2021,35510.28906,1515.193726,51.05640411,5.26750803,0.033153001
2/3/2021,37472.08984,1660.909546,52.24263763,5.715990067,0.034439001
2/4/2021,36926.06641,1594.762695,55.92512512,6.426064968,0.033174001
2/5/2021,38144.30859,1718.650879,67.8455658,6.68171978,0.036256
2/6/2021,39266.01172,1677.846802,72.7335968,6.110806942,0.035106
2/7/2021,38903.44141,1614.227783,68.59052277,6.700462818,0.035971999
2/8/2021,46196.46484,1746.616821,79.83154297,7.883250237,0.040546
2/9/2021,46481.10547,1768.035034,107.8992767,7.816792965,0.046034001
2/10/2021,44918.18359,1744.243408,129.7371521,9.072214127,0.046188999
2/11/2021,47909.33203,1783.797974,124.4342575,9.215352058,0.057064001
2/12/2021,47504.85156,1843.532593,136.9483948,9.247012138,0.055321999
2/13/2021,47105.51563,1814.109863,133.4526825,8.732455254,0.059615999
2/14/2021,48717.28906,1805.084106,136.4265137,8.73889637,0.055544
2/15/2021,47945.05859,1779.791016,129.5678864,8.861739159,0.050746001
2/16/2021,49199.87109,1781.067505,130.0566559,8.297866821,0.052173998
2/17/2021,52149.00781,1848.458252,164.670105,8.222577095,0.052604001
2/18/2021,51679.79688,1937.449219,195.9326324,8.980451584,0.054988999
2/19/2021,55888.13281,1960.164795,332.6160278,11.46565342,0.06103
2/20/2021,56099.51953,1919.534058,255.9537354,10.00266361,0.058040999
2/21/2021,57539.94531,1935.601074,293.923584,11.08551311,0.059468001
2/22/2021,54207.32031,1781.99292,267.5097961,14.45478535,0.054375999
2/23/2021,48824.42578,1570.203979,230.9942474,15.20153809,0.04479
2/24/2021,49705.33203,1626.575684,254.3591309,17.30270767,0.048028
2/25/2021,47093.85156,1475.703735,233.8859558,13.81601429,0.045205001
2/26/2021,46339.76172,1446.033691,221.6804352,13.58794117,0.045173001
2/27/2021,46188.45313,1459.973145,225.2494354,13.20116806,0.046606001
2/28/2021,45137.76953,1416.04895,209.5744019,13.08924675,0.045646999
3/1/2021,49631.24219,1564.707642,254.6299286,14.95558834,0.047818001
3/2/2021,48378.98828,1492.608765,239.5225372,13.95892143,0.046849001
3/3/2021,50538.24219,1575.853149,241.0913696,14.11559105,0.049082
3/4/2021,48561.16797,1541.914307,229.9450684,13.09798336,0.051380001
3/5/2021,48927.30469,1533.275024,226.3725586,12.61044312,0.050269
3/6/2021,48912.38281,1654.741577,226.6668549,13.03645802,0.05029
3/7/2021,51206.69141,1723.153809,240.1792145,13.87773228,0.051722001
3/8/2021,52246.52344,1834.727905,240.3186646,13.60218811,0.052813001
3/9/2021,54824.11719,1868.048828,293.4632263,14.84631062,0.053173002
3/10/2021,56008.55078,1799.16626,279.3580322,14.23108387,0.051516999
3/11/2021,57805.12109,1826.194946,289.790802,15.99227905,0.051506002
3/12/2021,57332.08984,1772.102417,263.6858215,14.55214214,0.050042
3/13/2021,61243.08594,1924.685425,276.1047058,15.3088026,0.052815001
3/14/2021,59302.31641,1854.564331,264.6367493,14.50826645,0.051300999
3/15/2021,55907.19922,1791.702271,254.6608276,14.18666172,0.050840002
3/16/2021,56804.90234,1806.971802,258.1006775,13.62277317,0.052297
3/17/2021,58870.89453,1823.449341,269.8548584,14.2202034,0.054974999
3/18/2021,57858.92188,1782.855103,261.7048035,14.23002529,0.053578001
3/19/2021,58346.65234,1817.624146,264.0574341,14.20479584,0.058793001
3/20/2021,58313.64453,1812.634644,264.7416687,14.21198082,0.061080001
3/21/2021,57523.42188,1788.217041,264.8861694,14.33220577,0.063295998
3/22/2021,54529.14453,1691.333984,255.9001923,14.9192934,0.059764002
3/23/2021,54738.94531,1678.650146,255.6896667,14.20483112,0.05883
3/24/2021,52774.26563,1593.413452,249.8513794,13.6612978,0.056079
3/25/2021,51704.16016,1595.359253,234.885437,13.02508545,0.055622
3/26/2021,55137.3125,1702.842041,255.1045685,14.77942085,0.064900003
3/27/2021,55973.51172,1716.494629,269.1023254,16.50832176,0.063790001
3/28/2021,55950.74609,1691.355957,269.1912842,18.01623344,0.063562997
3/29/2021,57750.19922,1819.684937,275.2146301,18.85480881,0.064791001
3/30/2021,58917.69141,1846.033691,311.4264832,19.23392487,0.066086002
3/31/2021,58918.83203,1918.362061,302.063446,19.46522903,0.092312001
4/1/2021,59095.80859,1977.276855,335.2128906,19.08490181,0.086120002
4/2/2021,59384.3125,2143.225586,339.0077209,19.81022263,0.092551999
4/3/2021,57603.89063,2028.422485,323.1335144,22.55227661,0.102072001
4/4/2021,58758.55469,2093.122803,351.6243896,24.06132317,0.129372999
4/5/2021,59057.87891,2107.887207,367.7724915,22.98428345,0.136724994
4/6/2021,58192.35938,2118.378906,403.5907593,24.95714569,0.124374002
4/7/2021,56048.9375,1971.077271,374.6588135,26.47808075,0.110281996
4/8/2021,58323.95313,2088.57373,418.0383911,27.03398705,0.123070002
4/9/2021,58245.00391,2072.108887,453.1784668,27.77827454,0.115933999
4/10/2021,59793.23438,2135.942139,472.5603333,26.84140396,0.125983
4/11/2021,60204.96484,2157.656982,525.3855591,27.93189049,0.122353002
4/12/2021,59893.45313,2139.353271,598.7226563,28.51212311,0.129048005
4/13/2021,63503.45703,2299.187744,549.5865479,27.4355526,0.146298006
4/14/2021,63109.69531,2435.10498,549.5918579,26.47511101,0.140694007
4/15/2021,63314.01172,2519.116211,542.6320801,27.8183136,0.164649993
4/16/2021,61572.78906,2431.946533,510.2201843,25.39736557,0.162089005
4/17/2021,60683.82031,2344.89502,520.416748,25.0998745,0.157435
4/18/2021,56216.18359,2237.136963,481.0342407,32.30291748,0.142878994
4/19/2021,55724.26563,2166.188721,505.092926,31.67589569,0.130238995
4/20/2021,56473.03125,2330.210938,587.0291138,31.77005386,0.133035004
4/21/2021,53906.08984,2364.751709,546.0235596,32.51304245,0.12308
4/22/2021,51762.27344,2403.535156,506.0130005,38.87976074,0.110129997
4/23/2021,51093.65234,2363.586182,526.5652466,36.97842026,0.109025002
4/24/2021,50050.86719,2211.625732,496.4150696,40.73731613,0.102706
4/25/2021,49004.25391,2316.05957,505.0770569,47.36762619,0.101470999
4/26/2021,54021.75391,2534.481689,534.5776978,43.97651672,0.117294997
4/27/2021,55033.11719,2662.865234,568.47052,43.23900223,0.125793993
4/28/2021,54824.70313,2746.380127,562.6325684,44.82598495,0.122684002
4/29/2021,53555.10938,2756.876953,599.706543,42.46054077,0.121265002
4/30/2021,57750.17578,2773.207031,624.0805664,42.95600128,0.132229
5/1/2021,57828.05078,2945.892822,619.347229,49.50802231,0.131108001
5/2/2021,56631.07813,2952.056152,622.1010132,46.8909874,0.127653003
5/3/2021,57200.29297,3431.086182,675.684082,45.93368912,0.131614
5/4/2021,53333.53906,3253.629395,611.2003174,42.72955704,0.119393997
5/5/2021,57424.00781,3522.783203,651.6627197,44.92357635,0.146353006
5/6/2021,56396.51563,3490.880371,633.2803955,43.45567703,0.151773006
5/7/2021,57356.40234,3484.729004,624.5632935,43.15501785,0.147679999
5/8/2021,58803.77734,3902.647705,646.1008301,45.56153107,0.143111005
5/9/2021,58232.31641,3928.844727,662.2285767,44.33019638,0.142875001
5/10/2021,55859.79688,3952.293945,631.3519897,42.90963364,0.127158999
5/11/2021,56704.57422,4168.701172,672.3339233,44.57746887,0.138825998
5/12/2021,49150.53516,3785.848633,588.1851807,42.45730972,0.118698999
5/13/2021,49716.19141,3715.148438,571.4345093,40.99785233,0.121472999
5/14/2021,49880.53516,4079.057373,603.1282959,42.71786499,0.124775998
5/15/2021,46760.1875,3638.12207,563.041687,43.46130753,0.120691001
5/16/2021,46456.05859,3587.506104,562.829834,47.20082855,0.119506001
5/17/2021,43537.51172,3282.397705,511.964386,46.86320496,0.11287
5/18/2021,42909.40234,3380.070068,508.0223083,55.91096115,0.116385996
5/19/2021,37002.44141,2460.679199,339.0254822,35.10718155,0.079332002
5/20/2021,40782.73828,2784.294189,393.6127625,44.74274826,0.089597002
5/21/2021,37304.69141,2430.621338,326.2963257,38.81285095,0.077921003
5/22/2021,37536.63281,2295.705566,299.5040894,31.31558228,0.075359002
5/23/2021,34770.58203,2109.579834,262.9456787,24.68874741,0.063180998
5/24/2021,38705.98047,2643.591064,345.3096313,31.28357124,0.076723002
5/25/2021,38402.22266,2706.628906,344.1139832,29.99707794,0.077280998
5/26/2021,39294.19922,2888.69873,379.8543091,35.53981781,0.083241001
5/27/2021,38436.96875,2736.488525,367.6557922,33.58459091,0.079150997
5/28/2021,35697.60547,2419.90625,329.8799133,29.03927612,0.072086997
5/29/2021,34616.06641,2279.51416,305.0521545,27.37642097,0.068783
5/30/2021,35678.12891,2390.30542,325.7840271,28.60265923,0.072035998
5/31/2021,37332.85547,2714.945313,354.3293457,32.81624603,0.076920003
6/1/2021,36684.92578,2633.518311,362.7946472,30.98526001,0.076136
6/2/2021,37575.17969,2706.125,401.2623291,33.9563179,0.078041002
6/3/2021,39208.76563,2855.126465,427.8079224,39.4709053,0.082119003
6/4/2021,36894.40625,2688.195068,391.3953247,37.41506958,0.077252001
6/5/2021,35551.95703,2630.576904,390.4318542,39.58539963,0.075595997
6/6/2021,35862.37891,2715.092773,393.8202209,42.30837631,0.077506997
6/7/2021,33560.70703,2590.263184,357.3102112,38.26233292,0.071621001
6/8/2021,33472.63281,2517.438721,354.0013733,41.51781464,0.072632998
6/9/2021,37345.12109,2608.26709,375.7346802,42.03177643,0.075374998
6/10/2021,36702.59766,2471.518555,352.183197,41.09867477,0.072609
6/11/2021,37334.39844,2353.768799,345.9336853,36.04608536,0.069142997
6/12/2021,35552.51563,2372.484375,343.7410278,36.44168854,0.068118997
6/13/2021,39097.85938,2508.391602,366.6489563,38.77043533,0.071556002
6/14/2021,40218.47656,2537.891113,368.7927551,38.71305466,0.072251998
6/15/2021,40406.26953,2610.936768,373.5661621,41.15364838,0.072550997
6/16/2021,38347.0625,2367.663574,347.0334473,39.7036171,0.068916999
6/17/2021,38053.50391,2372.001953,352.7385254,39.26459122,0.073821999
6/18/2021,35787.24609,2231.733154,336.8096924,36.64879608,0.069583997
6/19/2021,35615.87109,2178.499023,335.7128296,35.35343552,0.068722002
6/20/2021,35698.29688,2246.364502,340.0671997,35.32201385,0.067832999
6/21/2021,31676.69336,1888.44751,270.984436,26.65740013,0.053583998
6/22/2021,32505.66016,1874.950073,261.8180847,26.77185631,0.05094
6/23/2021,33723.02734,1989.736328,294.4902954,30.04888725,0.055721998
6/24/2021,34662.4375,1988.456299,308.3970337,31.18103409,0.066024996
6/25/2021,31637.7793,1813.217285,281.6209106,28.69886208,0.061601002
6/26/2021,32186.27734,1829.239258,279.4380493,29.71285439,0.062696002
6/27/2021,34649.64453,1978.894653,290.5670166,31.92939186,0.064779997
6/28/2021,34434.33594,2079.657471,289.5341187,32.92778015,0.065231003
6/29/2021,35867.77734,2160.768311,300.2115479,33.86680222,0.067690998
6/30/2021,35040.83594,2274.547607,303.2958679,35.55640411,0.068145998
7/1/2021,33572.11719,2113.605469,288.2184143,33.40403366,0.064893998
7/2/2021,33897.04688,2150.040283,287.4230957,34.02048111,0.066512004
7/3/2021,34668.54688,2226.114258,298.2371216,34.47881699,0.066813
7/4/2021,35287.78125,2321.724121,307.7320862,34.31060028,0.067298003
7/5/2021,33746.00391,2198.58252,302.3779907,32.98458862,0.064574003
7/6/2021,34235.19531,2324.679443,320.9348145,34.26913834,0.064934999
7/7/2021,33855.32813,2315.161865,327.5224609,36.59136963,0.064295001
7/8/2021,32877.37109,2120.026367,310.427124,33.20372772,0.061122
7/9/2021,33798.01172,2146.692383,316.4845276,33.26464844,0.062178001
7/10/2021,33520.51953,2111.403564,316.1401367,31.78864479,0.061377998
7/11/2021,34240.1875,2139.664795,322.0316467,32.17784119,0.061822999
7/12/2021,33155.84766,2036.721069,316.328186,30.84808731,0.060224
7/13/2021,32702.02539,1940.083984,308.8111572,29.12118912,0.059339002
7/14/2021,32822.34766,1994.331299,309.4063721,31.28100014,0.059868999
7/15/2021,31780.73047,1911.175659,315.2440186,28.45210075,0.057716001
7/16/2021,31421.53906,1880.382935,302.9855957,26.37000847,0.055682998
7/17/2021,31533.06836,1898.825195,300.4979248,26.72166824,0.055994999
7/18/2021,31796.81055,1895.552124,302.4804993,26.75190926,0.056051001
7/19/2021,30817.83203,1817.296631,280.0186157,24.44757652,0.053449001
7/20/2021,29807.34766,1787.510742,264.7823792,23.48955536,0.050558001
7/21/2021,32110.69336,1990.970825,292.5313721,26.6230793,0.053823002
7/22/2021,32313.10547,2025.202759,293.6411438,27.70208168,0.055282
7/23/2021,33581.55078,2124.776611,299.2829895,28.51387978,0.056026999
7/24/2021,34292.44531,2189.21875,302.0718689,28.70261955,0.057347
7/25/2021,35350.1875,2191.373779,302.4361572,28.16877365,0.057879999
7/26/2021,37337.53516,2233.366699,304.478241,28.30664253,0.058554001
7/27/2021,39406.94141,2298.333496,313.6026001,28.06532669,0.060178999
7/28/2021,39995.90625,2296.54541,313.4286499,27.81541061,0.060516998
7/29/2021,40008.42188,2380.956787,316.7494507,31.28113747,0.061772
7/30/2021,42235.54688,2466.961426,322.9093628,32.39394379,0.063271999
7/31/2021,41626.19531,2536.209961,333.5495911,36.82731247,0.064094998
8/1/2021,39974.89453,2561.852051,333.4840088,34.2543602,0.063317999
8/2/2021,39201.94531,2610.15332,331.1031189,33.22241974,0.064691998
8/3/2021,38152.98047,2502.349609,322.7477417,33.99644089,0.063922003
8/4/2021,39747.50391,2724.619873,334.9187927,35.7636261,0.067394003
8/5/2021,40869.55469,2827.328857,337.8738708,37.35513687,0.070134997
8/6/2021,42816.5,2890.94165,342.1369934,39.44610214,0.071883
8/7/2021,44555.80078,3157.23877,355.7413635,39.4034729,0.075156003
8/8/2021,43798.11719,3013.732666,342.0647583,37.67382431,0.071864001
8/9/2021,46365.40234,3167.856201,354.9668274,38.76778412,0.074034996
8/10/2021,45585.03125,3141.691162,371.9543762,40.63979721,0.074658997
8/11/2021,45593.63672,3164.245117,391.7570496,41.74411392,0.083388001
8/12/2021,44428.28906,3043.414307,385.8189697,41.09936142,0.084138997
8/13/2021,47793.32031,3322.21167,410.9448853,44.89450073,0.089427002
8/14/2021,47096.94531,3265.443359,409.0344849,44.11285019,0.092660002
8/15/2021,47047.00391,3310.50415,414.5950317,53.74515915,0.093098
8/16/2021,46004.48438,3156.509521,417.4708557,62.4324646,0.089662999
8/17/2021,44695.35938,3014.845947,401.908905,64.21070862,0.085148998
8/18/2021,44801.1875,3020.089844,398.2514648,72.54331207,0.084762998
8/19/2021,46717.57813,3182.702148,430.9888611,72.75760651,0.088206999
8/20/2021,49339.17578,3286.935303,454.9363098,78.724617,0.090567
8/21/2021,48905.49219,3226.083984,448.9202576,73.75621033,0.088004
8/22/2021,49321.65234,3242.115479,449.0534973,72.80391693,0.088111997
8/23/2021,49546.14844,3319.257324,499.8905945,75.70803833,0.089942999
8/24/2021,47706.11719,3172.456299,471.595459,70.67090607,0.084619999
8/25/2021,48960.78906,3224.915283,502.7862549,71.9515686,0.087429002
8/26/2021,46942.21875,3100.325439,479.0061035,75.31620789,0.083169997
8/27/2021,49058.66797,3270.60083,494.4986877,88.08698273,0.088267997
8/28/2021,48902.40234,3244.40332,486.1969299,96.70317078,0.088296004
8/29/2021,48829.83203,3227.002686,480.28302,94.46967316,0.088591002
8/30/2021,47054.98438,3224.374268,459.4907532,110.5448074,0.086190999
8/31/2021,47166.6875,3433.732666,464.4187317,108.4837723,0.088812001
9/1/2021,48847.02734,3834.828125,490.0687256,111.0330048,0.095110998
9/2/2021,49327.72266,3790.98999,483.921051,128.1023865,0.099926002
9/3/2021,50025.375,3940.614746,488.6047058,146.5830536,0.101519004
9/4/2021,49944.625,3887.828369,498.0784302,139.1130676,0.101668999
9/5/2021,51753.41016,3952.133545,504.619873,142.0708771,0.105146997
9/6/2021,52633.53516,3928.379395,495.9250183,164.3809204,0.103712
9/7/2021,46811.12891,3426.394287,417.5087891,173.1489258,0.085275002
9/8/2021,46091.39063,3497.315186,415.1131592,191.0413971,0.092797004
9/9/2021,46391.42188,3427.340088,421.2700195,188.1958008,0.093024001
9/10/2021,44883.91016,3211.505859,401.6217957,179.8652344,0.090873003
9/11/2021,45201.45703,3270.278076,405.5273743,178.8678741,0.095399998
9/12/2021,46063.26953,3410.134521,416.6832275,174.5376282,0.112668
9/13/2021,44963.07422,3285.511719,399.063446,169.2695465,0.104792997
9/14/2021,47092.49219,3429.169678,414.2362366,158.0948181,0.118267998
9/15/2021,48176.34766,3615.282715,431.4230347,159.1173859,0.120917998
9/16/2021,47783.35938,3571.294922,424.649231,152.4740601,0.116088003
9/17/2021,47267.51953,3398.538818,406.6328125,147.5930634,0.105163999
9/18/2021,48278.36328,3432.018311,410.8092957,169.1842194,0.105934002
9/19/2021,47260.21875,3329.447998,408.4716492,152.5166931,0.103744
9/20/2021,42843.80078,2958.993408,361.9659119,132.1344604,0.090944
9/21/2021,40693.67578,2764.431152,344.5346069,123.9503937,0.088238001
9/22/2021,43574.50781,3077.86792,379.4403381,147.9242554,0.098771997
9/23/2021,44895.09766,3155.523682,383.8204041,149.7535706,0.099206001
9/24/2021,42839.75,2931.669189,355.3162842,139.3956451,0.092330001
9/25/2021,42716.59375,2925.565674,349.8800964,136.1789246,0.090682
9/26/2021,43208.53906,3062.265381,344.1817627,135.6993713,0.087715998
9/27/2021,42235.73047,2934.138916,336.1912231,136.7284241,0.086080998
9/28/2021,41034.54297,2807.296631,333.0325928,131.5372162,0.083145
9/29/2021,41564.36328,2853.143311,367.9895935,135.3514557,0.085946001
9/30/2021,43790.89453,3001.678955,387.0573425,141.069046,0.089426003
10/1/2021,48116.94141,3307.516113,421.6431885,161.682373,0.094732001
10/2/2021,47711.48828,3391.694336,428.0983276,169.0930176,0.093626998
10/3/2021,48199.95313,3418.358643,430.5088196,172.5891571,0.094981
10/4/2021,49112.90234,3380.089111,425.7489014,166.7319183,0.093506999
10/5/2021,51514.8125,3518.518555,442.7061462,164.1158295,0.096183002
10/6/2021,55361.44922,3580.562012,435.4013672,154.1077423,0.095521003
10/7/2021,53805.98438,3587.974854,438.7617493,154.281189,0.095513999
10/8/2021,53967.84766,3563.759277,419.1020508,158.9492035,0.097669996
10/9/2021,54968.22266,3575.716797,421.549469,156.8258362,0.102870002
10/10/2021,54771.57813,3425.852783,405.0693054,148.0487061,0.097747996
10/11/2021,57484.78906,3545.354004,413.4562073,144.858139,0.097162001
10/12/2021,56041.05859,3492.573242,443.8675232,152.7371216,0.095509
10/13/2021,57401.09766,3606.20166,470.7496948,148.1760406,0.097993001
10/14/2021,57321.52344,3786.01416,472.0223999,149.7568054,0.097158998
10/15/2021,61593.94922,3862.634766,473.7026367,162.5962067,0.098503999
10/16/2021,60892.17969,3830.38208,465.6424561,157.5388184,0.098690003
10/17/2021,61553.61719,3847.104492,470.6255493,159.7438049,0.098690003
10/18/2021,62026.07813,3748.760254,485.1110229,157.2312775,0.098140001
10/19/2021,64261.99219,3877.650879,488.1488647,156.0170288,0.100608997
10/20/2021,65992.83594,4155.992188,501.0203247,175.9468689,0.103064001
10/21/2021,62210.17188,4054.322754,471.2569275,190.3184357,0.099522002
10/22/2021,60692.26563,3970.181885,478.643158,196.4315338,0.099826001
10/23/2021,61393.61719,4171.663574,485.9064331,197.7038574,0.100740001
10/24/2021,60930.83594,4087.903076,476.6331177,202.3619843,0.099234
10/25/2021,63039.82422,4217.876953,484.6450806,210.1042938,0.100708
10/26/2021,60363.79297,4131.102051,478.0250549,199.807251,0.101189002
10/27/2021,58482.38672,3930.257324,449.0079956,183.7745972,0.090705998
10/28/2021,60622.13672,4287.318848,492.0155334,194.8639832,0.095369004
10/29/2021,62227.96484,4414.746582,529.6221313,200.1827545,0.099439003
10/30/2021,61888.83203,4325.650391,527.9212036,195.4160614,0.101126999
10/31/2021,61318.95703,4288.074219,524.3644409,202.4210205,0.101526998
11/1/2021,61004.40625,4324.626953,551.2559204,203.5450897,0.100547999
11/2/2021,63226.40234,4584.798828,554.4476318,220.2395935,0.107395001
11/3/2021,62970.04688,4607.193848,568.5787964,242.898819,0.105862997
11/4/2021,61452.23047,4537.324219,559.7373047,247.3877716,0.103427
11/5/2021,61125.67578,4486.243164,608.6480713,236.4743347,0.103719003
11/6/2021,61527.48047,4521.581055,636.1139526,258.9343262,0.102594003
11/7/2021,63326.98828,4620.554688,650.4540405,249.8234863,0.104584999
11/8/2021,67566.82813,4812.087402,654.3150024,248.4671783,0.109963
11/9/2021,66971.82813,4735.068848,635.1906128,239.2131348,0.114432998
11/10/2021,64995.23047,4636.174316,615.2780762,233.7795258,0.106788002
11/11/2021,64949.96094,4730.384277,629.892334,234.2407532,0.109251
11/12/2021,64155.94141,4667.115234,626.6425171,228.5020905,0.107873999
11/13/2021,64469.52734,4651.460449,650.104126,241.8250275,0.112631001
11/14/2021,65466.83984,4626.358887,650.9180908,238.4255219,0.116947003
11/15/2021,63557.87109,4557.503906,633.048645,237.5536041,0.123602003
11/16/2021,60161.24609,4216.365234,589.822876,219.2390289,0.109495997
11/17/2021,60368.01172,4287.59375,578.0927734,218.7152405,0.111221999
11/18/2021,56942.13672,4000.650879,532.2376099,195.4874115,0.100435004
11/19/2021,58119.57813,4298.306641,581.5308228,215.280014,0.104011998
11/20/2021,59697.19531,4409.931152,603.8400269,218.015274,0.105113
11/21/2021,58730.47656,4269.73291,585.2942505,231.2826233,0.106876999
11/22/2021,56289.28906,4088.457764,559.1270142,215.7372742,0.101816997
11/23/2021,57569.07422,4340.763672,591.4395752,221.8368988,0.102826998
11/24/2021,56280.42578,4239.981445,581.3953247,214.9215393,0.100694999
11/25/2021,57274.67969,4274.743164,603.7302246,206.2529907,0.098454997
11/26/2021,53569.76563,4030.908936,585.1473389,191.5117493,0.091923997
11/27/2021,54815.07813,4096.912109,600.336792,193.1021576,0.093440004
11/28/2021,57248.45703,4294.453613,611.3668213,200.676651,0.095103003
11/29/2021,57806.56641,4445.10498,624.3100586,204.3193665,0.096661001
11/30/2021,57005.42578,4631.479004,622.6698608,208.67099,0.096610002
12/1/2021,57229.82813,4586.990234,627.9715576,229.7992401,0.096900001
12/2/2021,56477.81641,4511.302246,619.4701538,233.993042,0.097415
12/3/2021,53598.24609,4220.706055,594.6359863,211.2243958,0.093893997
12/4/2021,49200.70313,4119.587402,569.0772705,201.1248322,0.086897001
12/5/2021,49368.84766,4198.322754,557.7830811,196.1682587,0.084328003
12/6/2021,50582.625,4358.737305,589.2561646,194.1992188,0.087384999
12/7/2021,50700.08594,4315.061523,579.6898804,190.5969086,0.090204999
12/8/2021,50504.79688,4439.35791,607.5927734,194.6217041,0.092456996
12/9/2021,47672.12109,4119.815918,571.6489868,181.1780853,0.088780999
12/10/2021,47243.30469,3908.496094,552.9668579,167.954834,0.087944001
12/11/2021,49362.50781,4084.452393,564.3225098,171.9494934,0.091614
12/12/2021,50098.33594,4134.453125,570.8239746,173.4316711,0.091136001
12/13/2021,46737.48047,3784.226807,521.0115967,155.2130585,0.085009001
12/14/2021,46612.63281,3745.44043,511.2293701,153.3414459,0.085588999
12/15/2021,48896.72266,4018.388672,541.0269775,178.3407898,0.087587997
12/16/2021,47665.42578,3962.469727,526.246521,176.9546661,0.085427001
12/17/2021,46202.14453,3879.486572,525.7062988,175.5032959,0.079691
12/18/2021,46848.77734,3960.860107,533.8913574,182.8351288,0.080435
12/19/2021,46707.01563,3922.592529,529.9720459,180.098053,0.079526
12/20/2021,46880.27734,3933.844482,523.1624756,173.6717834,0.077514
12/21/2021,48936.61328,4020.26001,528.7109985,180.0925446,0.078895003
12/22/2021,48628.51172,3982.099609,533.6449585,178.5971222,0.079120003
12/23/2021,50784.53906,4108.015625,548.7258301,190.0363159,0.082641996
12/24/2021,50822.19531,4047.98291,541.9020386,190.2731934,0.080920003
12/25/2021,50429.85938,4093.281006,547.3262329,193.1209259,0.081497997
12/26/2021,50809.51563,4067.328125,546.9949951,198.0007324,0.081575997
12/27/2021,50640.41797,4037.547607,562.6414795,195.4295044,0.081001997
12/28/2021,47588.85547,3800.893066,534.9280396,177.4256287,0.077258997
12/29/2021,46444.71094,3628.531738,514.0007935,170.6575623,0.076466002
12/30/2021,47178.125,3713.852051,518.909729,172.7511902,0.077923998
12/31/2021,46306.44531,3682.632813,511.708313,170.2990723,0.075397
1/1/2022,47686.8125,3769.697021,527.3527222,178.5179443,0.076609999
1/2/2022,47345.21875,3829.564941,531.3966675,176.382843,0.077781998
1/3/2022,46458.11719,3761.380371,512.1359863,170.2977448,0.077081002
1/4/2022,45897.57422,3794.056641,507.5061035,167.9389038,0.076200001
1/5/2022,43569.00391,3550.386963,475.0569458,155.0997314,0.071382001
1/6/2022,43160.92969,3418.408203,473.2756042,150.4313507,0.071111999
1/7/2022,41557.90234,3193.210449,447.7884827,136.4028168,0.068126
1/8/2022,41733.94141,3091.972656,430.2461548,142.5134583,0.065722004
1/9/2022,41911.60156,3157.751465,438.8030701,140.8390045,0.066266999
1/10/2022,41821.26172,3083.0979,424.9337769,135.9549408,0.063565001
1/11/2022,42735.85547,3238.111572,463.5183105,140.1838531,0.064934
1/12/2022,43949.10156,3372.258301,487.0074158,151.7031097,0.068062998
1/13/2022,42591.57031,3248.288574,475.0291138,146.0100403,0.066272996
1/14/2022,43099.69922,3310.001465,489.8674316,146.1590271,0.067666002
1/15/2022,43177.39844,3330.530762,494.9880676,147.801178,0.068544
1/16/2022,43113.87891,3350.921875,498.4279175,147.8565216,0.069872998
1/17/2022,42250.55078,3212.304932,475.7098694,139.9260101,0.070791997
1/18/2022,42375.63281,3164.025146,472.0050659,141.5871887,0.068484999
1/19/2022,41744.32813,3095.825928,462.8220825,135.7923889,0.069280997
1/20/2022,40680.41797,3001.120117,440.0054321,127.2052841,0.067737997
1/21/2022,36457.31641,2557.931641,383.0739136,111.9660568,0.060908001
1/22/2022,35030.25,2405.181152,358.0961609,94.17836761,0.056685999
1/23/2022,36276.80469,2535.039063,383.93396,99.57822418,0.057573002
1/24/2022,36654.32813,2440.352295,371.3689575,91.65016174,0.055043001
1/25/2022,36954.00391,2455.935059,384.6193542,94.72035217,0.055875
1/26/2022,36852.12109,2468.030273,375.7554626,92.23804474,0.056267001
1/27/2022,37138.23438,2423.001221,390.0882874,89.63249207,0.056403
1/28/2022,37784.33203,2547.092041,386.0843811,91.31289673,0.057592999
1/29/2022,38138.17969,2597.084717,389.132782,96.22348785,0.060268
1/30/2022,37917.60156,2603.466553,377.612915,93.29767609,0.058734
1/31/2022,38483.125,2688.278809,375.2773132,99.7388382,0.059140999
2/1/2022,38743.27344,2792.117188,385.4638062,109.978981,0.059866998
2/2/2022,36952.98438,2682.854004,367.4716797,101.8376007,0.058646001
2/3/2022,37154.60156,2679.162598,370.8777466,101.4590378,0.059659
2/4/2022,41500.875,2983.586914,399.0296021,112.1742477,0.064409003
2/5/2022,41441.16406,3014.648193,414.2000122,113.8943024,0.064759001
2/6/2022,42412.43359,3057.476074,419.5455627,115.2997589,0.066206001
2/7/2022,43840.28516,3142.470703,433.2292786,117.3551483,0.068562001
2/8/2022,44118.44531,3122.608643,408.7767639,113.5954819,0.068149
2/9/2022,44338.79688,3239.457031,422.4655457,114.0193787,0.069820002
2/10/2022,43565.11328,3077.482178,415.1192322,106.2028046,0.068659998
2/11/2022,42407.9375,2927.383545,400.4223938,96.38188171,0.064048
2/12/2022,42244.46875,2917.362793,403.38974,95.91820526,0.063487999
2/13/2022,42197.51563,2883.463379,398.8867798,93.24410248,0.064464003
2/14/2022,42586.91797,2933.479004,403.6607971,96.43327332,0.064548999
2/15/2022,44575.20313,3179.877197,432.4093933,104.8733063,0.066846997
2/16/2022,43961.85938,3127.830078,427.9181213,101.9328995,0.066471003
2/17/2022,40538.01172,2881.481934,402.4500427,93.41042328,0.062479999
2/18/2022,40030.97656,2785.727539,399.5691833,90.06546021,0.063147001
2/19/2022,40122.15625,2763.701172,400.0435791,91.4966507,0.063556001
2/20/2022,38431.37891,2628.648438,380.8259277,90.90141296,0.062066
2/21/2022,37075.28125,2573.816162,356.6612549,83.12316132,0.059625
2/22/2022,38286.02734,2639.299316,374.3074646,86.46538544,0.062664002
2/23/2022,37296.57031,2590.359619,366.5394897,84.90278625,0.060966
2/24/2022,38332.60938,2598.067139,361.2346497,89.19474792,0.061121002
2/25/2022,39214.21875,2764.535645,374.9149475,92.59882355,0.059496
2/26/2022,39105.14844,2781.111816,373.6387634,90.14156342,0.059530001
2/27/2022,37709.78516,2621.801758,360.5310364,85.5190506,0.058053002
2/28/2022,43193.23438,2919.201172,395.6124268,99.5203476,0.061749
3/1/2022,44354.63672,2972.485107,408.4822998,98.65355682,0.062125001
3/2/2022,43924.11719,2950.118408,409.0003052,100.6496353,0.061510999
3/3/2022,42451.78906,2834.468994,402.5506897,95.53919983,0.059964001
3/4/2022,39137.60547,2617.156006,374.2808838,88.24597931,0.058191001
3/5/2022,39400.58594,2664.831055,384.8733521,89.64784241,0.060428001
3/6/2022,38419.98438,2555.037354,375.0112,84.54218292,0.05892
3/7/2022,38062.03906,2497.77124,381.344635,82.13006592,0.058680002
3/8/2022,38737.26953,2576.747559,381.9585571,82.25476074,0.060543999
3/9/2022,41982.92578,2729.783447,393.5557556,88.20206451,0.060841002
3/10/2022,39437.46094,2608.048584,372.1590271,82.93908691,0.059868999
3/11/2022,38794.97266,2559.562988,372.1840515,80.74499512,0.060267001
3/12/2022,38904.01172,2574.75415,372.7303772,81.55381775,0.059675001
3/13/2022,37849.66406,2518.94458,361.849823,78.9360733,0.059363
3/14/2022,39666.75391,2590.696045,373.466156,81.17333984,0.060143001
3/15/2022,39338.78516,2620.149658,371.6288452,82.95508575,0.060501002
3/16/2022,41143.92969,2772.055664,385.5282288,87.90362549,0.061083999
3/17/2022,40951.37891,2814.854492,391.8247375,87.87684631,0.060796998
3/18/2022,41801.15625,2945.343018,397.6455078,89.82203674,0.061689001
3/19/2022,42190.65234,2946.25708,399.8535461,92.41815186,0.061909001
3/20/2022,41247.82422,2860.459229,390.7683716,88.61486053,0.061438002
3/21/2022,41077.99609,2897.976563,396.4478149,88.75720215,0.061781999
3/22/2022,42358.80859,2973.131104,404.3149414,90.51296997,0.063408002
3/23/2022,42892.95703,3031.067139,408.6097717,95.10268402,0.064336002
3/24/2022,43960.93359,3108.062012,414.1269836,102.2236938,0.065571003
3/25/2022,44348.73047,3106.671387,410.8111572,98.65810394,0.064466
3/26/2022,44500.82813,3143.178955,415.9197998,101.764183,0.066161998
3/27/2022,46820.49219,3291.577637,430.5032654,107.0842209,0.069169998
3/28/2022,47128.00391,3336.634521,430.3908691,106.4652557,0.069081001
3/29/2022,47465.73047,3401.987793,434.5056763,111.7103119,0.069381997
3/30/2022,47062.66406,3385.157959,442.684845,120.6994858,0.073086999
3/31/2022,45538.67578,3281.642822,428.9161072,122.6614609,0.073876001
4/1/2022,46281.64453,3449.552246,446.6042786,134.4309387,0.074894004
4/2/2022,45868.94922,3445.059326,436.9553528,132.1988678,0.073250003
4/3/2022,46453.56641,3522.833496,450.348877,136.7753296,0.073158003
4/4/2022,46622.67578,3521.241211,447.5249329,132.4126282,0.070816003
4/5/2022,45555.99219,3411.79248,445.1726074,126.862236,0.069426998
4/6/2022,43206.73828,3171.691895,420.1463623,112.8833847,0.063285999
4/7/2022,43503.84766,3233.274658,436.7967834,118.7965164,0.064429998
4/8/2022,42287.66406,3192.073975,421.6772461,109.8008804,0.062518999
4/9/2022,42782.13672,3261.91626,427.1530457,112.9727936,0.063965999
4/10/2022,42207.67188,3211.866943,418.5906677,111.7424393,0.062535003
4/11/2022,39521.90234,2981.052246,394.0868835,99.3391037,0.058226999
4/12/2022,40127.18359,3030.376465,413.8739319,103.3063889,0.059955999
4/13/2022,41166.73047,3118.344238,423.1301575,105.0019455,0.061515
4/14/2022,39935.51563,3019.909424,414.6637268,100.7078018,0.060132001
4/15/2022,40553.46484,3040.916504,417.2937317,101.3097763,0.061889
4/16/2022,40424.48438,3062.310303,417.4784546,102.2573166,0.061960001
4/17/2022,39716.95313,2993.40332,407.3777161,100.4096985,0.060238998
4/18/2022,40826.21484,3057.606689,416.9684143,102.1585312,0.061561
4/19/2022,41502.75,3104.106445,422.3870544,108.5820313,0.063368
4/20/2022,41374.37891,3077.74585,418.354248,105.4970016,0.062642001
4/21/2022,40527.36328,2987.480713,405.0214539,101.7761383,0.071456999
4/22/2022,39740.32031,2964.835693,406.9875183,100.6120529,0.06679
4/23/2022,39486.73047,2938.114014,401.6524658,100.7444382,0.067652002
4/24/2022,39469.29297,2922.732666,399.1053772,99.23579407,0.065696999
4/25/2022,40458.30859,3009.393555,404.3502808,101.2476349,0.065330997
4/26/2022,38117.46094,2808.29834,385.4830627,95.78215027,0.061919998
4/27/2022,39241.12109,2888.929688,391.4458313,98.3788681,0.063221
4/28/2022,39773.82813,2936.940918,406.7182007,98.18572998,0.063752003
4/29/2022,38609.82422,2815.601807,393.0621643,94.01134491,0.063533999
4/30/2022,37714.875,2730.186768,377.7678223,85.09593201,0.062766999
5/1/2022,38469.09375,2827.756104,390.2819824,89.67150879,0.070905998
5/2/2022,38529.32813,2857.4104,389.6706543,87.58101654,0.068788998
5/3/2022,37750.45313,2783.476318,383.4757996,85.84237671,0.072336003
5/4/2022,39698.37109,2940.644775,402.502655,92.77085114,0.086249001
5/5/2022,36575.14063,2749.213135,378.7736206,84.59602356,0.074584998
5/6/2022,36040.92188,2694.979736,379.3042908,81.76410675,0.086175002
5/7/2022,35501.95313,2636.093018,365.6841125,78.98342133,0.083264999
5/8/2022,34059.26563,2517.459961,355.3987427,75.22018433,0.087526999
5/9/2022,30296.95313,2245.43042,299.348938,63.26965332,0.073262997
5/10/2022,31022.90625,2343.510986,319.3269653,66.76615143,0.076998003
5/11/2022,28936.35547,2072.108643,269.9627686,50.21084976,0.074473001
5/12/2022,29047.75195,1961.701538,269.4072571,44.68358994,0.067403004
5/13/2022,29283.10352,2014.418213,290.584198,48.59355164,0.074207
5/14/2022,30101.26563,2056.273926,297.3876038,52.41722488,0.072500996
5/15/2022,31305.11328,2145.706787,312.0077209,58.81126022,0.072357997
5/16/2022,29862.91797,2022.725952,297.7101135,53.64646149,0.069087997
5/17/2022,30425.85742,2090.40918,305.9634399,57.12562561,0.072292998
5/18/2022,28720.27148,1916.656128,287.4387817,49.75621033,0.070974
5/19/2022,30314.33398,2018.336182,306.7915649,52.21397781,0.073608004
5/20/2022,29200.74023,1961.315674,302.3592224,49.53850937,0.071350999
5/21/2022,29432.22656,1974.518311,312.4660339,50.31798172,0.074069999
5/22/2022,30323.72266,2043.170166,319.6090088,52.75518036,0.078130998
5/23/2022,29098.91016,1972.181885,316.7605591,49.05685043,0.076282002
5/24/2022,29655.58594,1978.982788,328.1893311,49.65333557,0.080606997
5/25/2022,29562.36133,1944.827881,325.7348022,47.98242569,0.084629998
5/26/2022,29267.22461,1803.91333,304.9639282,43.49121094,0.082369998
5/27/2022,28627.57422,1724.922852,300.9720459,40.98134613,0.080622002
5/28/2022,28814.90039,1757.941772,307.8154297,44.34316254,0.081254996
5/29/2022,29445.95703,1812.031006,305.9750671,44.90961456,0.080507003
5/30/2022,31726.39063,1996.441284,321.7528992,47.17944336,0.083259001
5/31/2022,31792.31055,1942.328003,320.4851074,45.76784134,0.084191002
6/1/2022,29799.08008,1823.569336,300.5040588,40.26966858,0.083474003
6/2/2022,30467.48828,1834.150513,308.1017761,40.89134598,0.084219001
6/3/2022,29704.39063,1775.078613,298.3978882,38.25922012,0.081143998
6/4/2022,29832.91406,1801.609497,301.631134,38.93144608,0.080366999
6/5/2022,29906.66211,1805.204956,298.9347229,38.4805336,0.081426002
6/6/2022,31370.67188,1859.289673,295.3960266,42.43313217,0.081704997
6/7/2022,31155.47852,1814.04834,290.3411255,39.43757248,0.082013004
6/8/2022,30214.35547,1793.572266,288.6160889,38.84336853,0.080637001
6/9/2022,30111.99805,1789.82605,289.9196472,39.97260666,0.080976002
6/10/2022,29083.80469,1665.042236,286.0466919,37.08976746,0.078943998
6/11/2022,28360.81055,1529.663452,269.4869995,33.8211174,0.075947002
6/12/2022,26762.64844,1445.216553,255.950882,30.74327087,0.076422997
6/13/2022,22487.38867,1204.582764,222.5057831,28.19236183,0.063794002
6/14/2022,22206.79297,1211.662842,223.2212524,29.71461868,0.055785999
6/15/2022,22572.83984,1233.206421,233.3967133,34.48794174,0.062932998
6/16/2022,20381.65039,1067.730713,209.5387421,29.98974228,0.05909
6/17/2022,20471.48242,1086.519287,215.8917999,30.74291992,0.059873998
6/18/2022,19017.64258,993.6367798,197.0429993,31.80793571,0.060922999
6/19/2022,20553.27148,1127.656494,214.9205322,34.24374771,0.061494999
6/20/2022,20599.53711,1127.642456,216.9342651,35.41711426,0.061152
6/21/2022,20710.59766,1124.824585,219.4986267,36.1211586,0.064846002
6/22/2022,19987.0293,1051.421875,214.2619171,34.12163544,0.063124999
6/23/2022,21085.87695,1143.386719,228.9537506,38.17523193,0.063747004
6/24/2022,21231.65625,1226.844727,240.2383118,42.21204758,0.065900996
6/25/2022,21502.33789,1243.446899,239.6906586,42.33281326,0.064914003
6/26/2022,21027.29492,1199.831665,233.8587494,39.40808868,0.064963996
6/27/2022,20735.47852,1193.680664,233.6540222,38.45125198,0.067071997
6/28/2022,20280.63477,1144.579224,226.9273376,35.3264389,0.066037998
6/29/2022,20104.02344,1098.943848,219.2844696,33.87390137,0.064829998
6/30/2022,19784.72656,1067.298828,219.3000946,33.58841705,0.064755
7/1/2022,19269.36719,1059.767334,216.0154572,32.80307007,0.064943999
7/2/2022,19242.25586,1066.512817,218.0352325,33.35940933,0.064765997
7/3/2022,19297.07617,1073.766968,218.9803162,33.38593292,0.066246003
7/4/2022,20231.26172,1151.059082,231.5741272,36.78503036,0.067238003
7/5/2022,20190.11523,1134.541016,230.8463593,35.39555359,0.068194002
7/6/2022,20548.24609,1186.973999,238.499939,37.07356262,0.067585997
7/7/2022,21637.58789,1237.593384,241.5445099,38.51830673,0.068644002
7/8/2022,21731.11719,1222.506226,240.7507172,38.28672028,0.069022
7/9/2022,21592.20703,1216.978271,243.2410736,38.07196045,0.069833003
7/10/2022,20860.44922,1168.401611,234.6555786,36.69760895,0.067647003
7/11/2022,19970.55664,1097.236572,225.8585052,33.46360016,0.064718001
7/12/2022,19323.91406,1038.19165,220.4645538,32.75759506,0.064644001
7/13/2022,20212.07422,1113.587158,230.524765,34.91093826,0.066243
7/14/2022,20569.91992,1191.526245,238.1644745,37.10782242,0.066881999
7/15/2022,20836.32813,1233.12915,238.5739899,37.41592789,0.067070998
7/16/2022,21190.31641,1352.626465,249.5938721,39.57412338,0.068897001
7/17/2022,20779.34375,1338.635742,247.8484802,38.64472198,0.067427002
7/18/2022,22485.68945,1578.717896,264.8860474,43.7461586,0.069077998
7/19/2022,23389.43359,1542.97522,268.8173218,44.89987564,0.069141999
7/20/2022,23231.73242,1520.200684,258.3388062,42.09366989,0.067605004
7/21/2022,23164.62891,1576.749512,265.4625549,43.19059372,0.068031996
7/22/2022,22714.97852,1537.405151,262.8774414,40.61850357,0.067054003
7/23/2022,22465.47852,1549.297485,259.4630127,40.04097748,0.066959001
7/24/2022,22609.16406,1599.476685,261.8648682,41.00658417,0.066944003
7/25/2022,21361.70117,1445.383423,245.1484985,36.71199799,0.063855
7/26/2022,21239.75391,1441.806763,248.958374,36.19085312,0.065338999
7/27/2022,22930.54883,1636.232666,271.504364,40.30784988,0.068664998
7/28/2022,23843.88672,1725.46814,277.2939148,42.84526825,0.069756001
7/29/2022,23804.63281,1727.406982,293.9533386,41.92699814,0.069289997
7/30/2022,23656.20703,1695.969482,287.5361328,43.75588989,0.069142997
7/31/2022,23336.89648,1681.517334,283.5794678,42.4002037,0.068943001
8/1/2022,23314.19922,1635.195801,283.5394897,41.78648376,0.069936998
8/2/2022,22978.11719,1632.945435,283.8209839,39.75450516,0.068373002
8/3/2022,22846.50781,1618.874512,298.356781,38.54441833,0.067824997
8/4/2022,22630.95703,1608.205811,310.7060547,38.83067322,0.068944
8/5/2022,23289.31445,1732.254639,315.1855469,40.56103134,0.069828004
8/6/2022,22961.2793,1691.658081,315.0689087,40.05700684,0.069472
8/7/2022,23016.31836,1677.911011,311.6160278,39.89084625,0.069568276
