Date,BTC,ETH,BNB,SOL,TRX
2020-08-01,11759.5927734375,385.19970703125,21.530431747436523,1.526610016822815,0.020395999774336815
2020-08-02,11053.6142578125,370.6717224121094,20.944887161254883,1.7428100109100342,0.01903899945318699
2020-08-03,11246.3486328125,386.295166015625,22.055011749267578,1.802610993385315,0.01988700032234192
2020-08-04,11205.892578125,389.87548828125,22.28258514404297,1.8716390132904053,0.02035200037062168
2020-08-05,11747.0224609375,401.590576171875,23.336217880249023,1.7545499801635742,0.020450999960303307
2020-08-06,11779.7734375,394.9619445800781,22.707660675048828,2.206347942352295,0.020275000482797623
2020-08-07,11601.47265625,379.5128479003906,22.311546325683594,2.0859029293060303,0.019937999546527863
2020-08-08,11754.0458984375,393.98736572265625,22.87811851501465,2.4736249446868896,0.02041799947619438
2020-08-09,11675.7392578125,391.1204528808594,22.475536346435547,2.6652278900146484,0.020472999662160873
2020-08-10,11878.111328125,395.8875732421875,22.61379623413086,3.1317930221557617,0.02151699922978878
2020-08-11,11410.525390625,380.3840637207031,21.25694465637207,3.3034191131591797,0.020157000049948692
2020-08-12,11584.9345703125,391.024169921875,21.751449584960938,3.7697510719299316,0.02039100043475628
2020-08-13,11784.1376953125,428.7417907714844,22.075544357299805,3.7559709548950195,0.022606000304222107
2020-08-14,11768.87109375,437.3978271484375,23.069791793823242,3.4093880653381348,0.02474999986588955
2020-08-15,11865.6982421875,433.35491943359375,23.021751403808594,3.1837949752807617,0.02520100027322769
2020-08-16,11892.8037109375,433.78662109375,23.497102737426758,3.385653018951416,0.028207000344991684
2020-08-17,12254.40234375,429.53125,23.510103225708008,3.0986080169677734,0.03038799948990345
2020-08-18,11991.2333984375,423.6693115234375,23.067180633544922,3.3299760818481445,0.02880300022661686
2020-08-19,11758.283203125,406.4637756347656,22.310396194458008,2.899040937423706,0.02653699927031994
2020-08-20,11878.3720703125,416.4397888183594,23.092575073242188,3.2082669734954834,0.02754499949514866
2020-08-21,11592.4892578125,389.1263427734375,22.12899398803711,2.9436678886413574,0.02434300072491169
2020-08-22,11681.8251953125,395.83514404296875,22.23982048034668,3.020885944366455,0.02516300044953823
2020-08-23,11664.84765625,391.3844909667969,21.87084197998047,3.3224310874938965,0.02446500025689602
2020-08-24,11774.595703125,408.1441955566406,22.605852127075195,3.3449859619140625,0.02516300044953823
2020-08-25,11366.134765625,384.00103759765625,21.475366592407227,3.264849901199341,0.023132000118494034
2020-08-26,11488.36328125,386.46612548828125,22.277305603027344,3.5583748817443848,0.023747000843286514
2020-08-27,11323.3974609375,382.63262939453125,23.080753326416016,3.4450600147247314,0.023099999874830246
2020-08-28,11542.5,395.8746643066406,23.133811950683594,4.011393070220947,0.02398099936544895
2020-08-29,11506.865234375,399.9214782714844,23.011272430419922,3.968808889389038,0.02503800019621849
2020-08-30,11711.505859375,428.3957214355469,23.644914627075195,4.4358229637146,0.026952000334858894
2020-08-31,11680.8203125,435.0797424316406,23.193050384521484,4.782045841217041,0.029298000037670135
2020-09-01,11970.478515625,477.0519104003906,24.82209587097168,4.344515800476074,0.03455299884080887
2020-09-02,11414.0341796875,440.0404968261719,24.69036293029785,4.1644721031188965,0.03445100039243698
2020-09-03,10245.296875,385.67193603515625,20.61988639831543,3.5273399353027344,0.04119199886918068
2020-09-04,10511.8134765625,388.24114990234375,21.056106567382812,3.5457940101623535,0.03562000021338463
2020-09-05,10169.5673828125,335.26007080078125,19.47876739501953,2.5979158878326416,0.029997000470757484
2020-09-06,10280.3515625,353.3622741699219,23.190662384033203,3.086042881011963,0.031523000448942184
2020-09-07,10369.5634765625,352.6734924316406,22.393306732177734,2.928528070449829,0.03227600082755089
2020-09-08,10131.5166015625,337.60211181640625,23.190248489379883,2.4689769744873047,0.0350009985268116
2020-09-09,10242.34765625,351.1100158691406,24.530290603637695,3.636378049850464,0.03402499854564667
2020-09-10,10363.138671875,368.1018981933594,24.55988883972168,3.469836950302124,0.03307700157165527
2020-09-11,10400.9150390625,374.6955871582031,25.451414108276367,3.4274280071258545,0.03350900113582611
2020-09-12,10442.1708984375,387.18310546875,28.529848098754883,3.332659959793091,0.0327490009367466
2020-09-13,10323.755859375,365.57000732421875,31.058629989624023,3.2258388996124268,0.03058299981057644
2020-09-14,10680.837890625,377.26885986328125,31.17864227294922,3.2691330909729004,0.030451999977231026
2020-09-15,10796.951171875,364.8392028808594,27.202390670776367,2.9391210079193115,0.027900999411940575
2020-09-16,10974.9052734375,365.8122863769531,27.9645938873291,2.5453989505767822,0.026494000107049942
2020-09-17,10948.990234375,389.01922607421875,26.99312973022461,2.891874074935913,0.02810399979352951
2020-09-18,10944.5859375,384.3645324707031,27.39948081970215,3.1079399585723877,0.029089000076055527
2020-09-19,11094.3466796875,385.54437255859375,27.25111198425293,3.028891086578369,0.027782000601291656
2020-09-20,10938.271484375,371.0528259277344,26.392133712768555,2.8709030151367188,0.026964999735355377
2020-09-21,10462.259765625,341.78607177734375,23.267879486083984,2.7825090885162354,0.024999000132083893
2020-09-22,10538.4599609375,344.503173828125,24.100740432739258,2.9155189990997314,0.025043999776244164
2020-09-23,10246.1865234375,321.1163024902344,22.856977462768555,2.836756944656372,0.024858999997377396
2020-09-24,10760.06640625,349.3555908203125,24.61382484436035,3.1327149868011475,0.026193000376224518
2020-09-25,10692.716796875,352.1832580566406,24.663387298583984,3.1886119842529297,0.027150999754667282
2020-09-26,10750.7236328125,355.48809814453125,26.221181869506836,3.1347029209136963,0.027250999584794044
2020-09-27,10775.26953125,357.4385070800781,26.199216842651367,3.152946949005127,0.02658900059759617
2020-09-28,10709.65234375,355.159423828125,26.97960662841797,2.9566779136657715,0.026309000328183174
2020-09-29,10844.640625,359.75738525390625,28.842979431152344,2.9464330673217773,0.02630000002682209
2020-09-30,10784.4912109375,359.9378662109375,29.290876388549805,2.897876024246216,0.026058999821543694
2020-10-01,10619.4521484375,353.2059020996094,27.43197250366211,2.861027956008911,0.025596000254154205
2020-10-02,10575.974609375,346.2389221191406,27.285680770874023,2.6260828971862793,0.025922000408172607
2020-10-03,10549.3291015625,346.5220947265625,28.20231056213379,2.5473029613494873,0.02709200046956539
2020-10-04,10669.5830078125,352.5790100097656,28.9438533782959,2.5159950256347656,0.026360999792814255
2020-10-05,10793.33984375,353.956787109375,28.659103393554688,2.657644033432007,0.026443000882864
2020-10-06,10604.40625,340.81585693359375,27.714527130126953,2.1762499809265137,0.02558000013232231
2020-10-07,10668.96875,341.80865478515625,27.704835891723633,2.2917959690093994,0.025476999580860138
2020-10-08,10915.685546875,350.7661437988281,27.705310821533203,2.365220069885254,0.02567099966108799
2020-10-09,11064.4580078125,365.5904846191406,28.445030212402344,2.5398590564727783,0.02622300013899803
2020-10-10,11296.361328125,370.96759033203125,28.31248664855957,2.406090021133423,0.02637000009417534
2020-10-11,11384.181640625,375.1420593261719,28.555580139160156,2.4265780448913574,0.02646699920296669
2020-10-12,11555.36328125,387.73126220703125,30.71468162536621,2.5870718955993652,0.02708199992775917
2020-10-13,11425.8994140625,381.1907653808594,30.706745147705078,2.404910087585449,0.026788000017404556
2020-10-14,11429.5068359375,379.4840393066406,30.912118911743164,2.3146350383758545,0.026827000081539154
2020-10-15,11495.349609375,377.44183349609375,31.29586410522461,2.2664361000061035,0.02653600089251995
2020-10-16,11322.123046875,366.22900390625,29.99489974975586,2.149385929107666,0.025738999247550964
2020-10-17,11358.1015625,368.8559265136719,30.24823570251465,2.201843023300171,0.025746000930666924
2020-10-18,11483.359375,378.21368408203125,30.659523010253906,2.2142670154571533,0.025936000049114227
2020-10-19,11742.037109375,379.93560791015625,29.925067901611328,2.058079957962036,0.025861000642180443
2020-10-20,11916.3349609375,369.13690185546875,28.803443908691406,1.8886719942092896,0.02601199969649315
2020-10-21,12823.689453125,392.1899719238281,29.772354125976562,1.8903779983520508,0.02672100067138672
2020-10-22,12965.8916015625,413.7729797363281,30.658191680908203,1.9556529521942139,0.027041999623179436
2020-10-23,12931.5390625,409.7666931152344,30.633960723876953,1.960034966468811,0.026691000908613205
2020-10-24,13108.0625,412.4576110839844,30.588821411132812,1.9118280410766602,0.027049999684095383
2020-10-25,13031.173828125,406.2177734375,30.107540130615234,1.7874590158462524,0.026934999972581863
2020-10-26,13075.248046875,393.8883056640625,31.154560089111328,1.6854660511016846,0.02676199935376644
2020-10-27,13654.21875,403.9970397949219,31.638721466064453,1.7102320194244385,0.02696100063621998
2020-10-28,13271.28515625,388.6507568359375,30.363506317138672,1.4900530576705933,0.026852000504732132
2020-10-29,13437.8828125,386.7301025390625,29.842477798461914,1.4289360046386719,0.026489999145269394
2020-10-30,13546.5224609375,382.8199768066406,28.508411407470703,1.4413360357284546,0.02562600001692772
2020-10-31,13780.9951171875,386.59033203125,28.431215286254883,1.5406999588012695,0.025769999250769615
2020-11-01,13737.109375,396.3581848144531,28.461565017700195,1.5998400449752808,0.02572700008749962
2020-11-02,13550.4892578125,383.15673828125,27.883930206298828,1.474071979522705,0.02443300001323223
2020-11-03,13950.30078125,387.6021728515625,26.8570499420166,1.4122339487075806,0.0244159996509552
2020-11-04,14133.70703125,402.1419982910156,26.931514739990234,1.3922549486160278,0.024196000769734383
2020-11-05,15579.8486328125,414.0673522949219,27.675859451293945,1.4052180051803589,0.02496200054883957
2020-11-06,15565.880859375,454.71929931640625,29.01799964904785,1.9137400388717651,0.026064999401569366
2020-11-07,14833.75390625,435.713134765625,27.738094329833984,2.031964063644409,0.02491999976336956
2020-11-08,15479.5673828125,453.5547790527344,28.305116653442383,2.1565980911254883,0.02536500059068203
2020-11-09,15332.3154296875,444.1630554199219,28.018020629882812,2.0286519527435303,0.024810999631881714
2020-11-10,15290.90234375,449.67962646484375,28.193342208862305,2.2479870319366455,0.02487199939787388
2020-11-11,15701.33984375,462.9605407714844,27.956178665161133,2.0021250247955322,0.025054000318050385
2020-11-12,16276.34375,461.0052795410156,27.61480712890625,1.8991379737854004,0.02493700012564659
2020-11-13,16317.80859375,474.6264343261719,28.182172775268555,2.020792007446289,0.025405000895261765
2020-11-14,16068.138671875,460.14984130859375,27.936201095581055,1.9170160293579102,0.02519099973142147
2020-11-15,15955.587890625,447.55908203125,27.621030807495117,2.04323410987854,0.025408999994397163
2020-11-16,16716.111328125,459.9403076171875,28.064109802246094,2.255354881286621,0.025596000254154205
2020-11-17,17645.40625,480.3600769042969,28.530580520629883,2.202181100845337,0.026467999443411827
2020-11-18,17804.005859375,479.48406982421875,28.076162338256836,2.1150290966033936,0.026822000741958618
2020-11-19,17817.08984375,471.63043212890625,28.094104766845703,2.0767691135406494,0.025801999494433403
2020-11-20,18621.314453125,509.74456787109375,28.891996383666992,2.0953919887542725,0.026270000264048576
2020-11-21,18642.232421875,549.4866333007812,30.39129066467285,2.382205009460449,0.030334999784827232
2020-11-22,18370.001953125,558.068115234375,29.925071716308594,2.1448450088500977,0.02869899943470955
2020-11-23,18364.12109375,608.4540405273438,30.965368270874023,2.276376962661743,0.03167299926280975
2020-11-24,19107.46484375,603.8977661132812,33.80315017700195,2.2679669857025146,0.03506699949502945
2020-11-25,18732.12109375,570.6866455078125,31.342960357666016,2.270034074783325,0.0331059992313385
2020-11-26,17150.623046875,518.8011474609375,28.20491600036621,1.9030369520187378,0.02938699908554554
2020-11-27,17108.40234375,517.4937133789062,28.475187301635742,1.8579490184783936,0.029363000765442848
2020-11-28,17717.4140625,538.2297973632812,29.143911361694336,1.8889349699020386,0.030434999614953995
2020-11-29,18177.484375,575.758056640625,30.117603302001953,1.915155053138733,0.030698999762535095
2020-11-30,19625.8359375,614.842529296875,31.392786026000977,1.9668910503387451,0.03232000023126602
2020-12-01,18802.998046875,587.3241577148438,30.10830307006836,1.976307988166809,0.03027700074017048
2020-12-02,19201.091796875,598.3523559570312,30.297361373901367,2.115401029586792,0.031196000054478645
2020-12-03,19445.3984375,616.708740234375,30.704429626464844,2.1003708839416504,0.031640999019145966
2020-12-04,18699.765625,569.3541870117188,29.072208404541016,1.8559529781341553,0.029552999883890152
2020-12-05,19154.23046875,596.595458984375,29.729488372802734,1.9787739515304565,0.03057200089097023
2020-12-06,19345.12109375,601.9089965820312,29.540803909301758,1.8542490005493164,0.030925000086426735
2020-12-07,19191.630859375,591.8433837890625,29.378135681152344,1.8311729431152344,0.030316999182105064
2020-12-08,18321.14453125,554.8277587890625,27.636306762695312,1.6653519868850708,0.027848999947309494
2020-12-09,18553.916015625,573.4791259765625,28.129304885864258,1.6623040437698364,0.028710000216960907
2020-12-10,18264.9921875,559.6785278320312,27.696189880371094,1.5741510391235352,0.02814600057899952
2020-12-11,18058.904296875,545.79736328125,27.361003875732422,1.4445849657058716,0.02781900018453598
2020-12-12,18803.65625,568.5673217773438,28.164451599121094,1.4909119606018066,0.028572000563144684
2020-12-13,19142.3828125,589.6632080078125,29.10169219970703,1.5654560327529907,0.029184000566601753
2020-12-14,19246.64453125,586.0111694335938,30.029577255249023,1.5916459560394287,0.02908799983561039
2020-12-15,19417.076171875,589.3555908203125,29.547283172607422,1.7606710195541382,0.02920600026845932
2020-12-16,21310.59765625,636.1818237304688,30.49019432067871,1.7835979461669922,0.031176000833511353
2020-12-17,22805.162109375,642.8689575195312,30.184133529663086,1.6786340475082397,0.03070800006389618
2020-12-18,23137.9609375,654.8119506835938,30.9383602142334,1.698799967765808,0.031113000586628914
2020-12-19,23869.83203125,659.2979125976562,33.296356201171875,1.6686509847640991,0.031289998441934586
2020-12-20,23477.294921875,638.2908325195312,34.16029739379883,1.5635759830474854,0.031224999576807022
2020-12-21,22803.08203125,609.81787109375,32.269527435302734,1.5419150590896606,0.02937999926507473
2020-12-22,23783.029296875,634.8541870117188,33.482948303222656,1.4902859926223755,0.028893999755382538
2020-12-23,23241.345703125,583.714599609375,31.097898483276367,1.2056920528411865,0.024819999933242798
2020-12-24,23735.94921875,611.607177734375,32.50059127807617,1.3624080419540405,0.02769700065255165
2020-12-25,24664.791015625,626.4107055664062,33.164974212646484,1.445402979850769,0.02849699929356575
2020-12-26,26437.037109375,635.8358154296875,33.47713851928711,1.3242379426956177,0.027737999334931374
2020-12-27,26272.294921875,682.642333984375,33.51184844970703,1.3030420541763306,0.028845999389886856
2020-12-28,27084.80859375,730.3973388671875,35.84455871582031,1.515684962272644,0.029532000422477722
2020-12-29,27362.4375,731.5201416015625,38.95283126831055,1.6743450164794922,0.02769000083208084
2020-12-30,28840.953125,751.6189575195312,38.13629913330078,1.5354570150375366,0.026945000514388084
2020-12-31,29001.720703125,737.8034057617188,37.376033782958984,1.5108979940414429,0.026832999661564827
2021-01-01,29374.15234375,730.3675537109375,37.90501022338867,1.8420840501785278,0.0269399993121624
2021-01-02,32127.267578125,774.5349731445312,38.24159240722656,1.7992750406265259,0.027218999341130257
2021-01-03,32782.0234375,975.5076904296875,41.14897918701172,2.1617519855499268,0.0294950008392334
2021-01-04,31971.9140625,1040.2330322265625,40.926353454589844,2.4850969314575195,0.030852999538183212
2021-01-05,33992.4296875,1100.006103515625,41.73460006713867,2.157217025756836,0.02863200008869171
2021-01-06,36824.36328125,1207.1121826171875,42.16595458984375,1.929216980934143,0.030515000224113464
2021-01-07,39371.04296875,1225.6781005859375,43.44948959350586,2.3727450370788574,0.031067999079823494
2021-01-08,40797.609375,1224.1971435546875,42.39531707763672,3.2198870182037354,0.030612999573349953
2021-01-09,40254.546875,1281.0772705078125,43.93285369873047,3.3853819370269775,0.034026000648736954
2021-01-10,38356.44140625,1262.2467041015625,42.4484748840332,3.466110944747925,0.0329350009560585
2021-01-11,35566.65625,1090.1453857421875,38.371360778808594,3.1080899238586426,0.02896299958229065
2021-01-12,33922.9609375,1043.4345703125,38.111610412597656,3.6133980751037598,0.028558000922203064
2021-01-13,37316.359375,1130.7393798828125,40.13593292236328,3.513782024383545,0.030195999890565872
2021-01-14,39187.328125,1218.4530029296875,41.79368209838867,3.2781639099121094,0.030009999871253967
2021-01-15,36825.3671875,1171.8345947265625,40.91897964477539,3.2501609325408936,0.029789999127388
2021-01-16,36178.140625,1233.53759765625,43.17182540893555,3.4470551013946533,0.030153000727295876
2021-01-17,35791.27734375,1230.1722412109375,45.68461227416992,3.81813907623291,0.03014099970459938
2021-01-18,36630.07421875,1257.279541015625,45.353172302246094,3.7955150604248047,0.03161799907684326
2021-01-19,36069.8046875,1377.2958984375,42.7855339050293,3.6418659687042236,0.030791999772191048
2021-01-20,35547.75,1382.2740478515625,42.60689926147461,3.7235779762268066,0.030507000163197517
2021-01-21,30825.69921875,1121.5709228515625,38.64583969116211,2.9905359745025635,0.02770400047302246
2021-01-22,33005.76171875,1236.51220703125,40.85757064819336,3.346229076385498,0.028637999668717384
2021-01-23,32067.642578125,1230.9906005859375,40.81547927856445,3.5041120052337646,0.029186999425292015
2021-01-24,32289.37890625,1391.609375,41.88160705566406,3.634411096572876,0.03002000041306019
2021-01-25,32366.392578125,1324.414794921875,41.62370300292969,3.6999809741973877,0.029557999223470688
2021-01-26,32569.849609375,1357.05810546875,41.69473648071289,4.04734992980957,0.029512999579310417
2021-01-27,30432.546875,1253.1871337890625,40.994876861572266,3.690587043762207,0.028325000777840614
2021-01-28,33466.09765625,1332.4921875,42.52910614013672,3.8220720291137695,0.02964800037443638
2021-01-29,34316.38671875,1382.5228271484375,42.85234832763672,3.8346760272979736,0.033296000212430954
2021-01-30,34269.5234375,1376.115478515625,44.77227783203125,4.224276065826416,0.03202800080180168
2021-01-31,33114.359375,1314.9862060546875,44.27599334716797,4.264143943786621,0.031603001058101654
2021-02-01,33537.17578125,1369.04052734375,51.607696533203125,4.611601829528809,0.032926999032497406
2021-02-02,35510.2890625,1515.1937255859375,51.05640411376953,5.267508029937744,0.033153001219034195
2021-02-03,37472.08984375,1660.9095458984375,52.242637634277344,5.71599006652832,0.034439001232385635
2021-02-04,36926.06640625,1594.7626953125,55.92512512207031,6.426064968109131,0.033174000680446625
2021-02-05,38144.30859375,1718.65087890625,67.84556579589844,6.681719779968262,0.03625600039958954
2021-02-06,39266.01171875,1677.8468017578125,72.73359680175781,6.110806941986084,0.03510599955916405
2021-02-07,38903.44140625,1614.227783203125,68.59052276611328,6.700462818145752,0.035971999168395996
2021-02-08,46196.46484375,1746.6168212890625,79.83154296875,7.8832502365112305,0.0405460000038147
2021-02-09,46481.10546875,1768.0350341796875,107.89927673339844,7.816792964935303,0.04603400081396103
2021-02-10,44918.18359375,1744.243408203125,129.73715209960938,9.072214126586914,0.046188998967409134
2021-02-11,47909.33203125,1783.7979736328125,124.43425750732422,9.215352058410645,0.0570640005171299
2021-02-12,47504.8515625,1843.5325927734375,136.94839477539062,9.2470121383667,0.05532199889421463
2021-02-13,47105.515625,1814.10986328125,133.4526824951172,8.732455253601074,0.05961599946022034
2021-02-14,48717.2890625,1805.0841064453125,136.426513671875,8.738896369934082,0.05554400011897087
2021-02-15,47945.05859375,1779.791015625,129.56788635253906,8.861739158630371,0.05074600130319595
2021-02-16,49199.87109375,1781.0675048828125,130.05665588378906,8.297866821289062,0.05217399820685387
2021-02-17,52149.0078125,1848.458251953125,164.67010498046875,8.222577095031738,0.05260400101542473
2021-02-18,51679.796875,1937.44921875,195.93263244628906,8.980451583862305,0.05498899891972542
2021-02-19,55888.1328125,1960.164794921875,332.61602783203125,11.465653419494629,0.06103000044822693
2021-02-20,56099.51953125,1919.5340576171875,255.9537353515625,10.002663612365723,0.05804099887609482
2021-02-21,57539.9453125,1935.60107421875,293.923583984375,11.0855131149292,0.05946800112724304
2021-02-22,54207.3203125,1781.992919921875,267.5097961425781,14.454785346984863,0.05437599867582321
2021-02-23,48824.42578125,1570.2039794921875,230.99424743652344,15.2015380859375,0.04478999972343445
2021-02-24,49705.33203125,1626.57568359375,254.359130859375,17.30270767211914,0.04802799969911575
2021-02-25,47093.8515625,1475.7037353515625,233.88595581054688,13.816014289855957,0.045205000787973404
2021-02-26,46339.76171875,1446.03369140625,221.68043518066406,13.58794116973877,0.045173000544309616
2021-02-27,46188.453125,1459.97314453125,225.2494354248047,13.201168060302734,0.046606000512838364
2021-02-28,45137.76953125,1416.0489501953125,209.57440185546875,13.08924674987793,0.04564699903130531
2021-03-01,49631.2421875,1564.7076416015625,254.6299285888672,14.955588340759277,0.04781800135970116
2021-03-02,48378.98828125,1492.6087646484375,239.5225372314453,13.958921432495117,0.046849001199007034
2021-03-03,50538.2421875,1575.8531494140625,241.09136962890625,14.115591049194336,0.04908199980854988
2021-03-04,48561.16796875,1541.914306640625,229.945068359375,13.097983360290527,0.05138000100851059
2021-03-05,48927.3046875,1533.2750244140625,226.37255859375,12.610443115234375,0.050269000232219696
2021-03-06,48912.3828125,1654.7415771484375,226.66685485839844,13.036458015441895,0.050289999693632126
2021-03-07,51206.69140625,1723.15380859375,240.17921447753906,13.877732276916504,0.051722001284360886
2021-03-08,52246.5234375,1834.7279052734375,240.31866455078125,13.602188110351562,0.05281300097703934
2021-03-09,54824.1171875,1868.048828125,293.4632263183594,14.84631061553955,0.0531730018556118
2021-03-10,56008.55078125,1799.166259765625,279.3580322265625,14.231083869934082,0.051516998559236526
2021-03-11,57805.12109375,1826.1949462890625,289.7908020019531,15.992279052734375,0.05150600150227547
2021-03-12,57332.08984375,1772.1024169921875,263.6858215332031,14.552142143249512,0.05004199966788292
2021-03-13,61243.0859375,1924.6854248046875,276.1047058105469,15.308802604675293,0.05281500145792961
2021-03-14,59302.31640625,1854.5643310546875,264.6367492675781,14.50826644897461,0.05130099877715111
2021-03-15,55907.19921875,1791.7022705078125,254.66082763671875,14.186661720275879,0.05084000155329704
2021-03-16,56804.90234375,1806.9718017578125,258.1006774902344,13.622773170471191,0.05229699984192848
2021-03-17,58870.89453125,1823.4493408203125,269.8548583984375,14.220203399658203,0.0549749992787838
2021-03-18,57858.921875,1782.8551025390625,261.7048034667969,14.230025291442871,0.05357800051569939
2021-03-19,58346.65234375,1817.6241455078125,264.05743408203125,14.204795837402344,0.058793000876903534
2021-03-20,58313.64453125,1812.6346435546875,264.7416687011719,14.211980819702148,0.061080001294612885
2021-03-21,57523.421875,1788.217041015625,264.88616943359375,14.332205772399902,0.06329599767923355
2021-03-22,54529.14453125,1691.333984375,255.9001922607422,14.919293403625488,0.05976400151848793
2021-03-23,54738.9453125,1678.650146484375,255.68966674804688,14.20483112335205,0.05883000046014786
2021-03-24,52774.265625,1593.4134521484375,249.85137939453125,13.661297798156738,0.05607900023460388
2021-03-25,51704.16015625,1595.3592529296875,234.88543701171875,13.02508544921875,0.055622000247240067
2021-03-26,55137.3125,1702.842041015625,255.1045684814453,14.779420852661133,0.0649000033736229
2021-03-27,55973.51171875,1716.49462890625,269.1023254394531,16.50832176208496,0.06379000097513199
2021-03-28,55950.74609375,1691.35595703125,269.1912841796875,18.016233444213867,0.06356299668550491
2021-03-29,57750.19921875,1819.6849365234375,275.2146301269531,18.854808807373047,0.0647910013794899
2021-03-30,58917.69140625,1846.03369140625,311.4264831542969,19.233924865722656,0.06608600169420242
2021-03-31,58918.83203125,1918.362060546875,302.0634460449219,19.465229034423828,0.09231200069189072
2021-04-01,59095.80859375,1977.27685546875,335.212890625,19.084901809692383,0.08612000197172165
2021-04-02,59384.3125,2143.2255859375,339.0077209472656,19.810222625732422,0.09255199879407883
2021-04-03,57603.890625,2028.4224853515625,323.1335144042969,22.552276611328125,0.10207200050354004
2021-04-04,58758.5546875,2093.122802734375,351.6243896484375,24.061323165893555,0.1293729990720749
2021-04-05,59057.87890625,2107.88720703125,367.7724914550781,22.984283447265625,0.13672499358654022
2021-04-06,58192.359375,2118.37890625,403.59075927734375,24.95714569091797,0.12437400221824646
2021-04-07,56048.9375,1971.0772705078125,374.6588134765625,26.47808074951172,0.11028199642896652
2021-04-08,58323.953125,2088.57373046875,418.03839111328125,27.033987045288086,0.12307000160217285
2021-04-09,58245.00390625,2072.10888671875,453.178466796875,27.778274536132812,0.11593399941921234
2021-04-10,59793.234375,2135.942138671875,472.5603332519531,26.84140396118164,0.12598299980163574
2021-04-11,60204.96484375,2157.656982421875,525.3855590820312,27.9318904876709,0.12235300242900848
2021-04-12,59893.453125,2139.353271484375,598.72265625,28.512123107910156,0.12904800474643707
2021-04-13,63503.45703125,2299.187744140625,549.5865478515625,27.4355525970459,0.14629800617694855
2021-04-14,63109.6953125,2435.10498046875,549.5918579101562,26.47511100769043,0.1406940072774887
2021-04-15,63314.01171875,2519.1162109375,542.632080078125,27.818313598632812,0.16464999318122864
2021-04-16,61572.7890625,2431.946533203125,510.2201843261719,25.39736557006836,0.162089005112648
2021-04-17,60683.8203125,2344.89501953125,520.416748046875,25.09987449645996,0.15743499994277954
2021-04-18,56216.18359375,2237.136962890625,481.03424072265625,32.30291748046875,0.14287899434566498
2021-04-19,55724.265625,2166.188720703125,505.0929260253906,31.67589569091797,0.13023899495601654
2021-04-20,56473.03125,2330.2109375,587.0291137695312,31.77005386352539,0.13303500413894653
2021-04-21,53906.08984375,2364.751708984375,546.0235595703125,32.51304244995117,0.12308000028133392
2021-04-22,51762.2734375,2403.53515625,506.01300048828125,38.8797607421875,0.11012999713420868
2021-04-23,51093.65234375,2363.586181640625,526.5652465820312,36.97842025756836,0.1090250015258789
2021-04-24,50050.8671875,2211.625732421875,496.4150695800781,40.7373161315918,0.10270600020885468
2021-04-25,49004.25390625,2316.0595703125,505.0770568847656,47.36762619018555,0.10147099941968918
2021-04-26,54021.75390625,2534.481689453125,534.5776977539062,43.97651672363281,0.11729499697685242
2021-04-27,55033.1171875,2662.865234375,568.4705200195312,43.2390022277832,0.12579399347305298
2021-04-28,54824.703125,2746.380126953125,562.632568359375,44.825984954833984,0.12268400192260742
2021-04-29,53555.109375,2756.876953125,599.70654296875,42.460540771484375,0.1212650015950203
2021-04-30,57750.17578125,2773.20703125,624.08056640625,42.95600128173828,0.1322290003299713
2021-05-01,57828.05078125,2945.892822265625,619.3472290039062,49.50802230834961,0.13110800087451935
2021-05-02,56631.078125,2952.05615234375,622.1010131835938,46.890987396240234,0.12765300273895264
2021-05-03,57200.29296875,3431.086181640625,675.68408203125,45.93368911743164,0.13161399960517883
2021-05-04,53333.5390625,3253.62939453125,611.2003173828125,42.729557037353516,0.11939399689435959
2021-05-05,57424.0078125,3522.783203125,651.6627197265625,44.92357635498047,0.14635300636291504
2021-05-06,56396.515625,3490.88037109375,633.2803955078125,43.4556770324707,0.15177300572395325
2021-05-07,57356.40234375,3484.72900390625,624.5632934570312,43.1550178527832,0.14767999947071075
2021-05-08,58803.77734375,3902.647705078125,646.100830078125,45.56153106689453,0.14311100542545319
2021-05-09,58232.31640625,3928.8447265625,662.2285766601562,44.330196380615234,0.14287500083446503
2021-05-10,55859.796875,3952.2939453125,631.3519897460938,42.90963363647461,0.1271589994430542
2021-05-11,56704.57421875,4168.701171875,672.3339233398438,44.57746887207031,0.13882599771022797
2021-05-12,49150.53515625,3785.8486328125,588.1851806640625,42.45730972290039,0.11869899928569794
2021-05-13,49716.19140625,3715.1484375,571.4345092773438,40.99785232543945,0.12147299945354462
2021-05-14,49880.53515625,4079.057373046875,603.1282958984375,42.717864990234375,0.12477599829435349
2021-05-15,46760.1875,3638.1220703125,563.0416870117188,43.461307525634766,0.12069100141525269
2021-05-16,46456.05859375,3587.506103515625,562.829833984375,47.200828552246094,0.11950600147247314
2021-05-17,43537.51171875,3282.397705078125,511.9643859863281,46.86320495605469,0.1128700003027916
2021-05-18,42909.40234375,3380.070068359375,508.0223083496094,55.91096115112305,0.11638599634170532
2021-05-19,37002.44140625,2460.67919921875,339.0254821777344,35.107181549072266,0.07933200150728226
2021-05-20,40782.73828125,2784.294189453125,393.6127624511719,44.74274826049805,0.08959700167179108
2021-05-21,37304.69140625,2430.621337890625,326.29632568359375,38.81285095214844,0.07792100310325623
2021-05-22,37536.6328125,2295.70556640625,299.50408935546875,31.315582275390625,0.07535900175571442
2021-05-23,34770.58203125,2109.579833984375,262.9456787109375,24.68874740600586,0.06318099796772003
2021-05-24,38705.98046875,2643.591064453125,345.30963134765625,31.283571243286133,0.07672300189733505
2021-05-25,38402.22265625,2706.62890625,344.1139831542969,29.99707794189453,0.07728099822998047
2021-05-26,39294.19921875,2888.69873046875,379.85430908203125,35.539817810058594,0.08324100077152252
2021-05-27,38436.96875,2736.488525390625,367.6557922363281,33.584590911865234,0.07915099710226059
2021-05-28,35697.60546875,2419.90625,329.8799133300781,29.039276123046875,0.07208699733018875
2021-05-29,34616.06640625,2279.51416015625,305.0521545410156,27.376420974731445,0.0687830001115799
2021-05-30,35678.12890625,2390.305419921875,325.7840270996094,28.602659225463867,0.07203599810600281
2021-05-31,37332.85546875,2714.9453125,354.329345703125,32.816246032714844,0.07692000269889832
2021-06-01,36684.92578125,2633.518310546875,362.7946472167969,30.985260009765625,0.07613600045442581
2021-06-02,37575.1796875,2706.125,401.2623291015625,33.95631790161133,0.07804100215435028
2021-06-03,39208.765625,2855.12646484375,427.80792236328125,39.47090530395508,0.08211900293827057
2021-06-04,36894.40625,2688.195068359375,391.39532470703125,37.415069580078125,0.07725200057029724
2021-06-05,35551.95703125,2630.576904296875,390.4318542480469,39.58539962768555,0.07559599727392197
2021-06-06,35862.37890625,2715.0927734375,393.8202209472656,42.30837631225586,0.07750699669122696
2021-06-07,33560.70703125,2590.26318359375,357.3102111816406,38.262332916259766,0.07162100076675415
2021-06-08,33472.6328125,2517.438720703125,354.0013732910156,41.51781463623047,0.07263299822807312
2021-06-09,37345.12109375,2608.26708984375,375.73468017578125,42.031776428222656,0.07537499815225601
2021-06-10,36702.59765625,2471.5185546875,352.1831970214844,41.09867477416992,0.07260899990797043
2021-06-11,37334.3984375,2353.768798828125,345.9336853027344,36.046085357666016,0.06914299726486206
2021-06-12,35552.515625,2372.484375,343.74102783203125,36.441688537597656,0.06811899691820145
2021-06-13,39097.859375,2508.3916015625,366.6489562988281,38.77043533325195,0.07155600190162659
2021-06-14,40218.4765625,2537.89111328125,368.7927551269531,38.71305465698242,0.07225199788808823
2021-06-15,40406.26953125,2610.936767578125,373.566162109375,41.153648376464844,0.07255099713802338
2021-06-16,38347.0625,2367.66357421875,347.033447265625,39.703617095947266,0.06891699880361557
2021-06-17,38053.50390625,2372.001953125,352.738525390625,39.264591217041016,0.07382199913263321
2021-06-18,35787.24609375,2231.733154296875,336.8096923828125,36.64879608154297,0.06958399713039398
2021-06-19,35615.87109375,2178.4990234375,335.71282958984375,35.35343551635742,0.06872200220823288
2021-06-20,35698.296875,2246.364501953125,340.06719970703125,35.32201385498047,0.06783299893140793
2021-06-21,31676.693359375,1888.447509765625,270.98443603515625,26.657400131225586,0.05358399823307991
2021-06-22,32505.66015625,1874.9500732421875,261.8180847167969,26.7718563079834,0.050939999520778656
2021-06-23,33723.02734375,1989.736328125,294.49029541015625,30.048887252807617,0.05572199821472168
2021-06-24,34662.4375,1988.456298828125,308.39703369140625,31.181034088134766,0.06602499634027481
2021-06-25,31637.779296875,1813.21728515625,281.62091064453125,28.698862075805664,0.061601001769304276
2021-06-26,32186.27734375,1829.2392578125,279.43804931640625,29.712854385375977,0.06269600242376328
2021-06-27,34649.64453125,1978.8946533203125,290.5670166015625,31.929391860961914,0.06477999687194824
2021-06-28,34434.3359375,2079.657470703125,289.53411865234375,32.92778015136719,0.06523100286722183
2021-06-29,35867.77734375,2160.768310546875,300.2115478515625,33.86680221557617,0.06769099831581116
2021-06-30,35040.8359375,2274.547607421875,303.2958679199219,35.55640411376953,0.0681459978222847
2021-07-01,33572.1171875,2113.60546875,288.2184143066406,33.40403366088867,0.06489399820566177
2021-07-02,33897.046875,2150.040283203125,287.423095703125,34.02048110961914,0.06651200354099274
2021-07-03,34668.546875,2226.1142578125,298.23712158203125,34.478816986083984,0.06681299954652786
2021-07-04,35287.78125,2321.72412109375,307.7320861816406,34.31060028076172,0.06729800254106522
2021-07-05,33746.00390625,2198.58251953125,302.37799072265625,32.984588623046875,0.06457400321960449
2021-07-06,34235.1953125,2324.679443359375,320.934814453125,34.26913833618164,0.06493499875068665
2021-07-07,33855.328125,2315.161865234375,327.5224609375,36.59136962890625,0.06429500132799149
2021-07-08,32877.37109375,2120.0263671875,310.4271240234375,33.20372772216797,0.061122000217437744
2021-07-09,33798.01171875,2146.6923828125,316.4845275878906,33.2646484375,0.062178000807762146
2021-07-10,33520.51953125,2111.403564453125,316.14013671875,31.788644790649414,0.06137799844145775
2021-07-11,34240.1875,2139.664794921875,322.0316467285156,32.17784118652344,0.06182299926877022
2021-07-12,33155.84765625,2036.7210693359375,316.32818603515625,30.848087310791016,0.06022400036454201
2021-07-13,32702.025390625,1940.083984375,308.8111572265625,29.12118911743164,0.0593390017747879
2021-07-14,32822.34765625,1994.331298828125,309.4063720703125,31.2810001373291,0.05986899882555008
2021-07-15,31780.73046875,1911.1756591796875,315.2440185546875,28.45210075378418,0.0577160008251667
2021-07-16,31421.5390625,1880.3829345703125,302.985595703125,26.37000846862793,0.05568299815058708
2021-07-17,31533.068359375,1898.8251953125,300.4979248046875,26.721668243408203,0.055994998663663864
2021-07-18,31796.810546875,1895.5521240234375,302.4804992675781,26.751909255981445,0.05605100095272064
2021-07-19,30817.83203125,1817.296630859375,280.01861572265625,24.44757652282715,0.05344900116324425
2021-07-20,29807.34765625,1787.5107421875,264.7823791503906,23.48955535888672,0.050558000802993774
2021-07-21,32110.693359375,1990.9708251953125,292.5313720703125,26.623079299926758,0.05382300168275833
2021-07-22,32313.10546875,2025.2027587890625,293.6411437988281,27.70208168029785,0.055282000452280045
2021-07-23,33581.55078125,2124.776611328125,299.2829895019531,28.513879776000977,0.05602699890732765
2021-07-24,34292.4453125,2189.21875,302.0718688964844,28.702619552612305,0.057346999645233154
2021-07-25,35350.1875,2191.373779296875,302.4361572265625,28.168773651123047,0.05787999927997589
2021-07-26,37337.53515625,2233.36669921875,304.4782409667969,28.306642532348633,0.05855400115251541
2021-07-27,39406.94140625,2298.33349609375,313.60260009765625,28.065326690673828,0.06017899885773659
2021-07-28,39995.90625,2296.54541015625,313.42864990234375,27.815410614013672,0.060516998171806335
2021-07-29,40008.421875,2380.956787109375,316.74945068359375,31.281137466430664,0.061772000044584274
2021-07-30,42235.546875,2466.96142578125,322.90936279296875,32.393943786621094,0.06327199935913086
2021-07-31,41626.1953125,2536.2099609375,333.5495910644531,36.82731246948242,0.06409499794244766
2021-08-01,39974.89453125,2561.85205078125,333.4840087890625,34.25436019897461,0.06331799924373627
2021-08-02,39201.9453125,2610.1533203125,331.1031188964844,33.22241973876953,0.06469199806451797
2021-08-03,38152.98046875,2502.349609375,322.74774169921875,33.99644088745117,0.06392200291156769
2021-08-04,39747.50390625,2724.619873046875,334.9187927246094,35.76362609863281,0.06739400327205658
2021-08-05,40869.5546875,2827.328857421875,337.8738708496094,37.35513687133789,0.07013499736785889
2021-08-06,42816.5,2890.941650390625,342.1369934082031,39.446102142333984,0.07188300043344498
2021-08-07,44555.80078125,3157.23876953125,355.7413635253906,39.403472900390625,0.07515600323677063
2021-08-08,43798.1171875,3013.732666015625,342.06475830078125,37.673824310302734,0.07186400145292282
2021-08-09,46365.40234375,3167.856201171875,354.9668273925781,38.767784118652344,0.07403499633073807
2021-08-10,45585.03125,3141.691162109375,371.9543762207031,40.63979721069336,0.07465899735689163
2021-08-11,45593.63671875,3164.2451171875,391.7570495605469,41.74411392211914,0.08338800072669983
2021-08-12,44428.2890625,3043.414306640625,385.8189697265625,41.099361419677734,0.08413899689912796
2021-08-13,47793.3203125,3322.211669921875,410.94488525390625,44.894500732421875,0.08942700177431107
2021-08-14,47096.9453125,3265.443359375,409.03448486328125,44.112850189208984,0.09266000241041183
2021-08-15,47047.00390625,3310.504150390625,414.59503173828125,53.74515914916992,0.0930979996919632
2021-08-16,46004.484375,3156.509521484375,417.4708557128906,62.432464599609375,0.08966299891471863
2021-08-17,44695.359375,3014.845947265625,401.9089050292969,64.21070861816406,0.08514899760484695
2021-08-18,44801.1875,3020.08984375,398.25146484375,72.5433120727539,0.08476299792528152
2021-08-19,46717.578125,3182.7021484375,430.9888610839844,72.75760650634766,0.08820699900388718
2021-08-20,49339.17578125,3286.935302734375,454.9363098144531,78.72461700439453,0.09056700021028519
2021-08-21,48905.4921875,3226.083984375,448.9202575683594,73.75621032714844,0.08800400048494339
2021-08-22,49321.65234375,3242.115478515625,449.0534973144531,72.80391693115234,0.0881119966506958
2021-08-23,49546.1484375,3319.25732421875,499.8905944824219,75.70803833007812,0.08994299918413162
2021-08-24,47706.1171875,3172.456298828125,471.595458984375,70.67090606689453,0.08461999893188477
2021-08-25,48960.7890625,3224.915283203125,502.7862548828125,71.95156860351562,0.0874290019273758
2021-08-26,46942.21875,3100.325439453125,479.006103515625,75.31620788574219,0.08316999673843384
2021-08-27,49058.66796875,3270.600830078125,494.4986877441406,88.08698272705078,0.08826799690723419
2021-08-28,48902.40234375,3244.4033203125,486.1969299316406,96.70317077636719,0.08829600363969803
2021-08-29,48829.83203125,3227.002685546875,480.28302001953125,94.46967315673828,0.08859100192785263
2021-08-30,47054.984375,3224.374267578125,459.4907531738281,110.54480743408203,0.08619099855422974
2021-08-31,47166.6875,3433.732666015625,464.4187316894531,108.48377227783203,0.08881200104951859
2021-09-01,48847.02734375,3834.828125,490.0687255859375,111.03300476074219,0.09511099755764008
2021-09-02,49327.72265625,3790.989990234375,483.9210510253906,128.10238647460938,0.09992600232362747
2021-09-03,50025.375,3940.61474609375,488.6047058105469,146.5830535888672,0.10151900351047516
2021-09-04,49944.625,3887.828369140625,498.07843017578125,139.11306762695312,0.10166899859905243
2021-09-05,51753.41015625,3952.133544921875,504.619873046875,142.0708770751953,0.10514699667692184
2021-09-06,52633.53515625,3928.37939453125,495.9250183105469,164.38092041015625,0.10371199995279312
2021-09-07,46811.12890625,3426.394287109375,417.5087890625,173.14892578125,0.08527500182390213
2021-09-08,46091.390625,3497.315185546875,415.1131591796875,191.04139709472656,0.09279700368642807
2021-09-09,46391.421875,3427.340087890625,421.27001953125,188.19580078125,0.09302400052547455
2021-09-10,44883.91015625,3211.505859375,401.6217956542969,179.865234375,0.09087300300598145
2021-09-11,45201.45703125,3270.278076171875,405.5273742675781,178.8678741455078,0.09539999812841415
2021-09-12,46063.26953125,3410.134521484375,416.6832275390625,174.53762817382812,0.1126680001616478
2021-09-13,44963.07421875,3285.51171875,399.0634460449219,169.26954650878906,0.1047929972410202
2021-09-14,47092.4921875,3429.169677734375,414.2362365722656,158.09481811523438,0.11826799809932709
2021-09-15,48176.34765625,3615.28271484375,431.42303466796875,159.1173858642578,0.12091799825429916
2021-09-16,47783.359375,3571.294921875,424.64923095703125,152.47406005859375,0.11608800292015076
2021-09-17,47267.51953125,3398.538818359375,406.6328125,147.5930633544922,0.10516399890184402
2021-09-18,48278.36328125,3432.018310546875,410.8092956542969,169.18421936035156,0.10593400150537491
2021-09-19,47260.21875,3329.447998046875,408.4716491699219,152.51669311523438,0.10374400019645691
2021-09-20,42843.80078125,2958.993408203125,361.9659118652344,132.13446044921875,0.09094399958848953
2021-09-21,40693.67578125,2764.43115234375,344.53460693359375,123.95039367675781,0.08823800086975098
2021-09-22,43574.5078125,3077.867919921875,379.4403381347656,147.92425537109375,0.09877199679613113
2021-09-23,44895.09765625,3155.523681640625,383.8204040527344,149.75357055664062,0.09920600056648254
2021-09-24,42839.75,2931.669189453125,355.3162841796875,139.39564514160156,0.09233000129461288
2021-09-25,42716.59375,2925.565673828125,349.8800964355469,136.17892456054688,0.0906819999217987
2021-09-26,43208.5390625,3062.265380859375,344.1817626953125,135.69937133789062,0.0877159982919693
2021-09-27,42235.73046875,2934.138916015625,336.19122314453125,136.72842407226562,0.08608099818229675
2021-09-28,41034.54296875,2807.296630859375,333.0325927734375,131.53721618652344,0.08314500004053116
2021-09-29,41564.36328125,2853.143310546875,367.9895935058594,135.35145568847656,0.08594600111246109
2021-09-30,43790.89453125,3001.678955078125,387.0573425292969,141.0690460205078,0.08942600339651108
2021-10-01,48116.94140625,3307.51611328125,421.6431884765625,161.682373046875,0.09473200142383575
2021-10-02,47711.48828125,3391.6943359375,428.09832763671875,169.093017578125,0.09362699836492538
2021-10-03,48199.953125,3418.358642578125,430.5088195800781,172.5891571044922,0.09498099982738495
2021-10-04,49112.90234375,3380.089111328125,425.7489013671875,166.73191833496094,0.09350699931383133
2021-10-05,51514.8125,3518.5185546875,442.7061462402344,164.11582946777344,0.09618300199508667
2021-10-06,55361.44921875,3580.56201171875,435.4013671875,154.1077423095703,0.0955210030078888
2021-10-07,53805.984375,3587.974853515625,438.7617492675781,154.28118896484375,0.09551399946212769
2021-10-08,53967.84765625,3563.75927734375,419.10205078125,158.94920349121094,0.09766999632120132
2021-10-09,54968.22265625,3575.716796875,421.5494689941406,156.82583618164062,0.10287000238895416
2021-10-10,54771.578125,3425.852783203125,405.0693054199219,148.0487060546875,0.09774799644947052
2021-10-11,57484.7890625,3545.35400390625,413.4562072753906,144.85813903808594,0.09716200083494186
2021-10-12,56041.05859375,3492.5732421875,443.8675231933594,152.73712158203125,0.09550900012254715
2021-10-13,57401.09765625,3606.20166015625,470.74969482421875,148.17604064941406,0.09799300134181976
2021-10-14,57321.5234375,3786.01416015625,472.02239990234375,149.75680541992188,0.0971589982509613
2021-10-15,61593.94921875,3862.634765625,473.70263671875,162.59620666503906,0.09850399941205978
2021-10-16,60892.1796875,3830.382080078125,465.6424560546875,157.538818359375,0.09869000315666199
2021-10-17,61553.6171875,3847.1044921875,470.62554931640625,159.74380493164062,0.09869000315666199
2021-10-18,62026.078125,3748.76025390625,485.11102294921875,157.2312774658203,0.09814000129699707
2021-10-19,64261.9921875,3877.65087890625,488.14886474609375,156.01702880859375,0.10060899704694748
2021-10-20,65992.8359375,4155.9921875,501.02032470703125,175.94686889648438,0.10306400060653687
2021-10-21,62210.171875,4054.32275390625,471.2569274902344,190.3184356689453,0.09952200204133987
2021-10-22,60692.265625,3970.181884765625,478.6431579589844,196.43153381347656,0.09982600063085556
2021-10-23,61393.6171875,4171.66357421875,485.90643310546875,197.703857421875,0.10074000060558319
2021-10-24,60930.8359375,4087.903076171875,476.63311767578125,202.3619842529297,0.09923399984836578
2021-10-25,63039.82421875,4217.876953125,484.64508056640625,210.1042938232422,0.1007080003619194
2021-10-26,60363.79296875,4131.10205078125,478.0250549316406,199.8072509765625,0.10118900239467621
2021-10-27,58482.38671875,3930.25732421875,449.00799560546875,183.77459716796875,0.0907059982419014
2021-10-28,60622.13671875,4287.31884765625,492.0155334472656,194.86398315429688,0.09536900371313095
2021-10-29,62227.96484375,4414.74658203125,529.6221313476562,200.18275451660156,0.09943900257349014
2021-10-30,61888.83203125,4325.650390625,527.9212036132812,195.4160614013672,0.10112699866294861
2021-10-31,61318.95703125,4288.07421875,524.3644409179688,202.4210205078125,0.10152699798345566
2021-11-01,61004.40625,4324.626953125,551.2559204101562,203.5450897216797,0.10054799914360046
2021-11-02,63226.40234375,4584.798828125,554.4476318359375,220.23959350585938,0.1073950007557869
2021-11-03,62970.046875,4607.19384765625,568.5787963867188,242.89881896972656,0.10586299747228622
2021-11-04,61452.23046875,4537.32421875,559.7373046875,247.3877716064453,0.10342700034379959
2021-11-05,61125.67578125,4486.2431640625,608.6480712890625,236.47433471679688,0.10371900349855423
2021-11-06,61527.48046875,4521.5810546875,636.1139526367188,258.934326171875,0.10259400308132172
2021-11-07,63326.98828125,4620.5546875,650.4540405273438,249.823486328125,0.10458499938249588
2021-11-08,67566.828125,4812.08740234375,654.3150024414062,248.46717834472656,0.10996299982070923
2021-11-09,66971.828125,4735.06884765625,635.1906127929688,239.213134765625,0.11443299800157547
2021-11-10,64995.23046875,4636.17431640625,615.278076171875,233.77952575683594,0.10678800195455551
2021-11-11,64949.9609375,4730.38427734375,629.892333984375,234.24075317382812,0.1092509999871254
2021-11-12,64155.94140625,4667.115234375,626.6425170898438,228.50209045410156,0.10787399858236313
2021-11-13,64469.52734375,4651.46044921875,650.1041259765625,241.8250274658203,0.11263100057840347
2021-11-14,65466.83984375,4626.35888671875,650.9180908203125,238.42552185058594,0.1169470027089119
2021-11-15,63557.87109375,4557.50390625,633.0486450195312,237.55360412597656,0.1236020028591156
2021-11-16,60161.24609375,4216.365234375,589.8228759765625,219.23902893066406,0.10949599742889404
2021-11-17,60368.01171875,4287.59375,578.0927734375,218.71524047851562,0.11122199892997742
2021-11-18,56942.13671875,4000.65087890625,532.2376098632812,195.48741149902344,0.10043500363826752
2021-11-19,58119.578125,4298.306640625,581.5308227539062,215.28001403808594,0.10401199758052826
2021-11-20,59697.1953125,4409.93115234375,603.8400268554688,218.01527404785156,0.10511299967765808
2021-11-21,58730.4765625,4269.73291015625,585.2942504882812,231.28262329101562,0.10687699913978577
2021-11-22,56289.2890625,4088.457763671875,559.1270141601562,215.73727416992188,0.10181699693202972
2021-11-23,57569.07421875,4340.763671875,591.4395751953125,221.83689880371094,0.10282699763774872
2021-11-24,56280.42578125,4239.9814453125,581.3953247070312,214.92153930664062,0.10069499909877777
2021-11-25,57274.6796875,4274.7431640625,603.730224609375,206.25299072265625,0.09845499694347382
2021-11-26,53569.765625,4030.908935546875,585.1473388671875,191.51174926757812,0.09192399680614471
2021-11-27,54815.078125,4096.912109375,600.3367919921875,193.10215759277344,0.09344000369310379
2021-11-28,57248.45703125,4294.45361328125,611.3668212890625,200.67665100097656,0.09510300308465958
2021-11-29,57806.56640625,4445.10498046875,624.31005859375,204.31936645507812,0.09666100144386292
2021-11-30,57005.42578125,4631.47900390625,622.6698608398438,208.67098999023438,0.09661000221967697
2021-12-01,57229.828125,4586.990234375,627.9715576171875,229.7992401123047,0.09690000116825104
2021-12-02,56477.81640625,4511.30224609375,619.4701538085938,233.9930419921875,0.0974150002002716
2021-12-03,53598.24609375,4220.7060546875,594.635986328125,211.22439575195312,0.09389399737119675
2021-12-04,49200.703125,4119.58740234375,569.0772705078125,201.1248321533203,0.08689700067043304
2021-12-05,49368.84765625,4198.32275390625,557.7830810546875,196.1682586669922,0.08432800322771072
2021-12-06,50582.625,4358.7373046875,589.2561645507812,194.19921875,0.08738499879837036
2021-12-07,50700.0859375,4315.0615234375,579.6898803710938,190.59690856933594,0.09020499885082245
2021-12-08,50504.796875,4439.35791015625,607.5927734375,194.6217041015625,0.09245699644088745
2021-12-09,47672.12109375,4119.81591796875,571.6489868164062,181.17808532714844,0.08878099918365479
2021-12-10,47243.3046875,3908.49609375,552.9668579101562,167.954833984375,0.08794400095939636
2021-12-11,49362.5078125,4084.452392578125,564.322509765625,171.94949340820312,0.0916140004992485
2021-12-12,50098.3359375,4134.453125,570.823974609375,173.43167114257812,0.09113600105047226
2021-12-13,46737.48046875,3784.226806640625,521.0115966796875,155.2130584716797,0.08500900119543076
2021-12-14,46612.6328125,3745.4404296875,511.2293701171875,153.34144592285156,0.08558899909257889
2021-12-15,48896.72265625,4018.388671875,541.0269775390625,178.34078979492188,0.08758799731731415
2021-12-16,47665.42578125,3962.4697265625,526.2465209960938,176.9546661376953,0.08542700111865997
2021-12-17,46202.14453125,3879.486572265625,525.706298828125,175.5032958984375,0.07969100028276443
2021-12-18,46848.77734375,3960.860107421875,533.891357421875,182.8351287841797,0.08043500036001205
2021-12-19,46707.015625,3922.592529296875,529.9720458984375,180.09805297851562,0.07952599972486496
2021-12-20,46880.27734375,3933.844482421875,523.1624755859375,173.67178344726562,0.07751400023698807
2021-12-21,48936.61328125,4020.260009765625,528.7109985351562,180.09254455566406,0.07889500260353088
2021-12-22,48628.51171875,3982.099609375,533.6449584960938,178.5971221923828,0.07912000268697739
2021-12-23,50784.5390625,4108.015625,548.725830078125,190.03631591796875,0.08264199644327164
2021-12-24,50822.1953125,4047.98291015625,541.9020385742188,190.273193359375,0.08092000335454941
2021-12-25,50429.859375,4093.281005859375,547.3262329101562,193.1209259033203,0.08149799704551697
2021-12-26,50809.515625,4067.328125,546.9949951171875,198.000732421875,0.08157599717378616
2021-12-27,50640.41796875,4037.547607421875,562.6414794921875,195.42950439453125,0.08100199699401855
2021-12-28,47588.85546875,3800.89306640625,534.9280395507812,177.42562866210938,0.07725899666547775
2021-12-29,46444.7109375,3628.53173828125,514.0007934570312,170.65756225585938,0.07646600157022476
2021-12-30,47178.125,3713.85205078125,518.9097290039062,172.75119018554688,0.07792399823665619
2021-12-31,46306.4453125,3682.6328125,511.70831298828125,170.299072265625,0.07539699971675873
2022-01-01,47686.8125,3769.697021484375,527.3527221679688,178.5179443359375,0.07660999894142151
2022-01-02,47345.21875,3829.56494140625,531.3966674804688,176.38284301757812,0.07778199762105942
2022-01-03,46458.1171875,3761.38037109375,512.135986328125,170.29774475097656,0.07708100229501724
2022-01-04,45897.57421875,3794.056640625,507.506103515625,167.93890380859375,0.07620000094175339
2022-01-05,43569.00390625,3550.386962890625,475.05694580078125,155.0997314453125,0.07138200104236603
2022-01-06,43160.9296875,3418.408203125,473.2756042480469,150.4313507080078,0.0711119994521141
2022-01-07,41557.90234375,3193.21044921875,447.7884826660156,136.40281677246094,0.06812600046396255
2022-01-08,41733.94140625,3091.97265625,430.24615478515625,142.51345825195312,0.06572200357913971
2022-01-09,41911.6015625,3157.75146484375,438.8030700683594,140.83900451660156,0.0662669986486435
2022-01-10,41821.26171875,3083.097900390625,424.93377685546875,135.95494079589844,0.06356500089168549
2022-01-11,42735.85546875,3238.111572265625,463.518310546875,140.18385314941406,0.06493400037288666
2022-01-12,43949.1015625,3372.25830078125,487.0074157714844,151.70310974121094,0.06806299835443497
2022-01-13,42591.5703125,3248.28857421875,475.02911376953125,146.01004028320312,0.06627299636602402
2022-01-14,43099.69921875,3310.00146484375,489.867431640625,146.15902709960938,0.06766600161790848
2022-01-15,43177.3984375,3330.53076171875,494.9880676269531,147.80117797851562,0.06854400038719177
2022-01-16,43113.87890625,3350.921875,498.42791748046875,147.8565216064453,0.06987299770116806
2022-01-17,42250.55078125,3212.304931640625,475.7098693847656,139.92601013183594,0.07079199701547623
2022-01-18,42375.6328125,3164.025146484375,472.00506591796875,141.58718872070312,0.06848499923944473
2022-01-19,41744.328125,3095.825927734375,462.82208251953125,135.79238891601562,0.06928099691867828
2022-01-20,40680.41796875,3001.1201171875,440.00543212890625,127.20528411865234,0.06773799657821655
2022-01-21,36457.31640625,2557.931640625,383.07391357421875,111.96605682373047,0.0609080009162426
2022-01-22,35030.25,2405.18115234375,358.0961608886719,94.1783676147461,0.056685999035835266
2022-01-23,36276.8046875,2535.0390625,383.9339599609375,99.5782241821289,0.05757300183176994
2022-01-24,36654.328125,2440.352294921875,371.36895751953125,91.65016174316406,0.05504300072789192
2022-01-25,36954.00390625,2455.93505859375,384.6193542480469,94.72035217285156,0.05587499961256981
2022-01-26,36852.12109375,2468.0302734375,375.7554626464844,92.23804473876953,0.05626700073480606
2022-01-27,37138.234375,2423.001220703125,390.0882873535156,89.63249206542969,0.05640299990773201
2022-01-28,37784.33203125,2547.092041015625,386.0843811035156,91.31289672851562,0.05759299919009209
2022-01-29,38138.1796875,2597.084716796875,389.1327819824219,96.2234878540039,0.06026799976825714
2022-01-30,37917.6015625,2603.466552734375,377.6129150390625,93.29767608642578,0.058733999729156494
2022-01-31,38483.125,2688.27880859375,375.2773132324219,99.73883819580078,0.059140998870134354
2022-02-01,38743.2734375,2792.1171875,385.46380615234375,109.9789810180664,0.059866998344659805
2022-02-02,36952.984375,2682.85400390625,367.4716796875,101.83760070800781,0.05864600092172623
2022-02-03,37154.6015625,2679.16259765625,370.87774658203125,101.45903778076172,0.05965900048613548
2022-02-04,41500.875,2983.5869140625,399.02960205078125,112.17424774169922,0.06440900266170502
2022-02-05,41441.1640625,3014.648193359375,414.20001220703125,113.89430236816406,0.06475900113582611
2022-02-06,42412.43359375,3057.47607421875,419.5455627441406,115.29975891113281,0.06620600074529648
2022-02-07,43840.28515625,3142.470703125,433.2292785644531,117.35514831542969,0.06856200098991394
2022-02-08,44118.4453125,3122.608642578125,408.7767639160156,113.5954818725586,0.06814900040626526
2022-02-09,44338.796875,3239.45703125,422.4655456542969,114.01937866210938,0.06982000172138214
2022-02-10,43565.11328125,3077.482177734375,415.1192321777344,106.20280456542969,0.06865999847650528
2022-02-11,42407.9375,2927.383544921875,400.4223937988281,96.38188171386719,0.06404799968004227
2022-02-12,42244.46875,2917.36279296875,403.3897399902344,95.91820526123047,0.06348799914121628
2022-02-13,42197.515625,2883.46337890625,398.88677978515625,93.24410247802734,0.06446400284767151
2022-02-14,42586.91796875,2933.47900390625,403.6607971191406,96.43327331542969,0.06454899907112122
2022-02-15,44575.203125,3179.877197265625,432.4093933105469,104.87330627441406,0.06684699654579163
2022-02-16,43961.859375,3127.830078125,427.9181213378906,101.93289947509766,0.06647100299596786
2022-02-17,40538.01171875,2881.48193359375,402.4500427246094,93.4104232788086,0.06247999891638756
2022-02-18,40030.9765625,2785.7275390625,399.5691833496094,90.06546020507812,0.06314700096845627
2022-02-19,40122.15625,2763.701171875,400.0435791015625,91.49665069580078,0.0635560005903244
2022-02-20,38431.37890625,2628.6484375,380.825927734375,90.90141296386719,0.06206599995493889
2022-02-21,37075.28125,2573.816162109375,356.6612548828125,83.12316131591797,0.05962499976158142
2022-02-22,38286.02734375,2639.29931640625,374.3074645996094,86.46538543701172,0.06266400218009949
2022-02-23,37296.5703125,2590.359619140625,366.53948974609375,84.90278625488281,0.06096599996089935
2022-02-24,38332.609375,2598.067138671875,361.2346496582031,89.19474792480469,0.061121001839637756
2022-02-25,39214.21875,2764.53564453125,374.9149475097656,92.59882354736328,0.05949600040912628
2022-02-26,39105.1484375,2781.11181640625,373.6387634277344,90.14156341552734,0.059530001133680344
2022-02-27,37709.78515625,2621.8017578125,360.5310363769531,85.51905059814453,0.05805300176143646
2022-02-28,43193.234375,2919.201171875,395.6124267578125,99.52034759521484,0.06174900010228157
2022-03-01,44354.63671875,2972.485107421875,408.4822998046875,98.65355682373047,0.06212500110268593
2022-03-02,43924.1171875,2950.118408203125,409.00030517578125,100.6496353149414,0.061510998755693436
2022-03-03,42451.7890625,2834.468994140625,402.5506896972656,95.53919982910156,0.059964001178741455
2022-03-04,39137.60546875,2617.156005859375,374.2808837890625,88.24597930908203,0.058191001415252686
2022-03-05,39400.5859375,2664.8310546875,384.87335205078125,89.64784240722656,0.06042800098657608
2022-03-06,38419.984375,2555.037353515625,375.0111999511719,84.54218292236328,0.0589199997484684
2022-03-07,38062.0390625,2497.771240234375,381.3446350097656,82.13006591796875,0.05868000164628029
2022-03-08,38737.26953125,2576.74755859375,381.95855712890625,82.2547607421875,0.06054399907588959
2022-03-09,41982.92578125,2729.783447265625,393.5557556152344,88.20206451416016,0.06084100157022476
2022-03-10,39437.4609375,2608.048583984375,372.1590270996094,82.9390869140625,0.05986899882555008
2022-03-11,38794.97265625,2559.56298828125,372.1840515136719,80.7449951171875,0.06026700139045715
2022-03-12,38904.01171875,2574.754150390625,372.7303771972656,81.55381774902344,0.05967500060796738
2022-03-13,37849.6640625,2518.944580078125,361.8498229980469,78.93607330322266,0.059363000094890594
2022-03-14,39666.75390625,2590.696044921875,373.4661560058594,81.17333984375,0.06014300137758255
2022-03-15,39338.78515625,2620.149658203125,371.62884521484375,82.95508575439453,0.06050100177526474
2022-03-16,41143.9296875,2772.0556640625,385.5282287597656,87.90362548828125,0.061083998531103134
2022-03-17,40951.37890625,2814.8544921875,391.8247375488281,87.87684631347656,0.06079699844121933
2022-03-18,41801.15625,2945.343017578125,397.6455078125,89.82203674316406,0.06168900057673454
2022-03-19,42190.65234375,2946.257080078125,399.8535461425781,92.41815185546875,0.06190900132060051
2022-03-20,41247.82421875,2860.459228515625,390.76837158203125,88.61486053466797,0.061438001692295074
2022-03-21,41077.99609375,2897.9765625,396.44781494140625,88.7572021484375,0.061781998723745346
2022-03-22,42358.80859375,2973.131103515625,404.31494140625,90.51296997070312,0.0634080022573471
2022-03-23,42892.95703125,3031.067138671875,408.6097717285156,95.1026840209961,0.06433600187301636
2022-03-24,43960.93359375,3108.06201171875,414.1269836425781,102.22369384765625,0.06557100266218185
2022-03-25,44348.73046875,3106.67138671875,410.8111572265625,98.6581039428711,0.06446599960327148
2022-03-26,44500.828125,3143.178955078125,415.9197998046875,101.7641830444336,0.06616199761629105
2022-03-27,46820.4921875,3291.57763671875,430.5032653808594,107.08422088623047,0.06916999816894531
2022-03-28,47128.00390625,3336.634521484375,430.390869140625,106.46525573730469,0.06908100098371506
2022-03-29,47465.73046875,3401.98779296875,434.50567626953125,111.71031188964844,0.06938199698925018
2022-03-30,47062.6640625,3385.157958984375,442.6848449707031,120.6994857788086,0.07308699935674667
2022-03-31,45538.67578125,3281.642822265625,428.9161071777344,122.66146087646484,0.07387600094079971
2022-04-01,46281.64453125,3449.55224609375,446.6042785644531,134.43093872070312,0.0748940035700798
2022-04-02,45868.94921875,3445.059326171875,436.9553527832031,132.19886779785156,0.07325000315904617
2022-04-03,46453.56640625,3522.83349609375,450.348876953125,136.77532958984375,0.07315800338983536
2022-04-04,46622.67578125,3521.2412109375,447.5249328613281,132.41262817382812,0.07081600278615952
2022-04-05,45555.9921875,3411.79248046875,445.172607421875,126.86223602294922,0.0694269984960556
2022-04-06,43206.73828125,3171.69189453125,420.1463623046875,112.88338470458984,0.06328599900007248
2022-04-07,43503.84765625,3233.274658203125,436.7967834472656,118.79651641845703,0.06442999839782715
2022-04-08,42287.6640625,3192.073974609375,421.67724609375,109.8008804321289,0.06251899898052216
2022-04-09,42782.13671875,3261.916259765625,427.1530456542969,112.97279357910156,0.06396599858999252
2022-04-10,42207.671875,3211.866943359375,418.5906677246094,111.74243927001953,0.06253500282764435
2022-04-11,39521.90234375,2981.05224609375,394.0868835449219,99.33910369873047,0.05822699889540672
2022-04-12,40127.18359375,3030.37646484375,413.8739318847656,103.30638885498047,0.05995599925518036
2022-04-13,41166.73046875,3118.34423828125,423.1301574707031,105.00194549560547,0.061514999717473984
2022-04-14,39935.515625,3019.909423828125,414.6637268066406,100.70780181884766,0.06013200059533119
2022-04-15,40553.46484375,3040.91650390625,417.2937316894531,101.30977630615234,0.06188900023698807
2022-04-16,40424.484375,3062.310302734375,417.47845458984375,102.25731658935547,0.06196000054478645
2022-04-17,39716.953125,2993.4033203125,407.3777160644531,100.40969848632812,0.060238998383283615
2022-04-18,40826.21484375,3057.606689453125,416.9684143066406,102.15853118896484,0.06156099960207939
2022-04-19,41502.75,3104.1064453125,422.3870544433594,108.58203125,0.06336800009012222
2022-04-20,41374.37890625,3077.745849609375,418.354248046875,105.49700164794922,0.06264200061559677
2022-04-21,40527.36328125,2987.480712890625,405.0214538574219,101.77613830566406,0.07145699858665466
2022-04-22,39740.3203125,2964.835693359375,406.9875183105469,100.61205291748047,0.06678999960422516
2022-04-23,39486.73046875,2938.114013671875,401.6524658203125,100.74443817138672,0.06765200197696686
2022-04-24,39469.29296875,2922.732666015625,399.1053771972656,99.23579406738281,0.06569699943065643
2022-04-25,40458.30859375,3009.3935546875,404.35028076171875,101.24763488769531,0.06533099710941315
2022-04-26,38117.4609375,2808.29833984375,385.4830627441406,95.78215026855469,0.06191999837756157
2022-04-27,39241.12109375,2888.9296875,391.4458312988281,98.37886810302734,0.06322100013494492
2022-04-28,39773.828125,2936.94091796875,406.71820068359375,98.18572998046875,0.06375200301408768
2022-04-29,38609.82421875,2815.601806640625,393.0621643066406,94.01134490966797,0.06353399902582169
2022-04-30,37714.875,2730.186767578125,377.767822265625,85.09593200683594,0.06276699900627136
2022-05-01,38469.09375,2827.756103515625,390.281982421875,89.6715087890625,0.07090599834918976
2022-05-02,38529.328125,2857.410400390625,389.670654296875,87.58101654052734,0.06878899782896042
2022-05-03,37750.453125,2783.476318359375,383.4757995605469,85.84237670898438,0.07233600318431854
2022-05-04,39698.37109375,2940.644775390625,402.5026550292969,92.7708511352539,0.08624900132417679
2022-05-05,36575.140625,2749.213134765625,378.77362060546875,84.59602355957031,0.07458499819040298
2022-05-06,36040.921875,2694.979736328125,379.3042907714844,81.76410675048828,0.08617500215768814
2022-05-07,35501.953125,2636.093017578125,365.6841125488281,78.9834213256836,0.08326499909162521
2022-05-08,34059.265625,2517.4599609375,355.39874267578125,75.22018432617188,0.08752699941396713
2022-05-09,30296.953125,2245.430419921875,299.34893798828125,63.2696533203125,0.07326299697160721
2022-05-10,31022.90625,2343.510986328125,319.32696533203125,66.76615142822266,0.07699800282716751
2022-05-11,28936.35546875,2072.108642578125,269.9627685546875,50.21084976196289,0.07447300106287003
2022-05-12,29047.751953125,1961.7015380859375,269.4072570800781,44.683589935302734,0.06740300357341766
2022-05-13,29283.103515625,2014.418212890625,290.5841979980469,48.59355163574219,0.07420700043439865
2022-05-14,30101.265625,2056.27392578125,297.3876037597656,52.4172248840332,0.07250099629163742
2022-05-15,31305.11328125,2145.706787109375,312.0077209472656,58.81126022338867,0.07235799729824066
2022-05-16,29862.91796875,2022.7259521484375,297.7101135253906,53.646461486816406,0.06908799707889557
2022-05-17,30425.857421875,2090.4091796875,305.96343994140625,57.12562561035156,0.0722929984331131
2022-05-18,28720.271484375,1916.6561279296875,287.43878173828125,49.75621032714844,0.07097399979829788
2022-05-19,30314.333984375,2018.336181640625,306.79156494140625,52.2139778137207,0.07360800355672836
2022-05-20,29200.740234375,1961.315673828125,302.3592224121094,49.538509368896484,0.07135099917650223
2022-05-21,29432.2265625,1974.518310546875,312.4660339355469,50.3179817199707,0.07406999915838242
2022-05-22,30323.72265625,2043.170166015625,319.6090087890625,52.75518035888672,0.07813099771738052
2022-05-23,29098.91015625,1972.181884765625,316.76055908203125,49.05685043334961,0.07628200203180313
2022-05-24,29655.5859375,1978.9827880859375,328.1893310546875,49.65333557128906,0.08060699701309204
2022-05-25,29562.361328125,1944.827880859375,325.73480224609375,47.982425689697266,0.08462999761104584
2022-05-26,29267.224609375,1803.913330078125,304.96392822265625,43.4912109375,0.08236999809741974
2022-05-27,28627.57421875,1724.9228515625,300.9720458984375,40.981346130371094,0.08062200248241425
2022-05-28,28814.900390625,1757.9417724609375,307.8154296875,44.343162536621094,0.0812549963593483
2022-05-29,29445.95703125,1812.031005859375,305.9750671386719,44.90961456298828,0.08050700277090073
2022-05-30,31726.390625,1996.4412841796875,321.7528991699219,47.179443359375,0.08325900137424469
2022-05-31,31792.310546875,1942.3280029296875,320.485107421875,45.76784133911133,0.08419100195169449
2022-06-01,29799.080078125,1823.5693359375,300.5040588378906,40.26966857910156,0.08347400277853012
2022-06-02,30467.48828125,1834.1505126953125,308.1017761230469,40.8913459777832,0.08421900123357773
2022-06-03,29704.390625,1775.07861328125,298.39788818359375,38.259220123291016,0.08114399760961533
2022-06-04,29832.9140625,1801.6094970703125,301.6311340332031,38.93144607543945,0.08036699891090393
2022-06-05,29906.662109375,1805.2049560546875,298.9347229003906,38.480533599853516,0.08142600208520889
2022-06-06,31370.671875,1859.2896728515625,295.3960266113281,42.43313217163086,0.0817049965262413
2022-06-07,31155.478515625,1814.04833984375,290.34112548828125,39.43757247924805,0.08201300352811813
2022-06-08,30214.35546875,1793.572265625,288.6160888671875,38.84336853027344,0.08063700050115585
2022-06-09,30111.998046875,1789.8260498046875,289.9196472167969,39.97260665893555,0.08097600191831589
2022-06-10,29083.8046875,1665.042236328125,286.04669189453125,37.08976745605469,0.07894399762153625
2022-06-11,28360.810546875,1529.6634521484375,269.48699951171875,33.82111740112305,0.07594700157642365
2022-06-12,26762.6484375,1445.216552734375,255.9508819580078,30.743270874023438,0.07642299681901932
2022-06-13,22487.388671875,1204.582763671875,222.5057830810547,28.19236183166504,0.06379400193691254
2022-06-14,22206.79296875,1211.662841796875,223.22125244140625,29.714618682861328,0.055785998702049255
2022-06-15,22572.83984375,1233.2064208984375,233.39671325683594,34.48794174194336,0.06293299794197083
2022-06-16,20381.650390625,1067.730712890625,209.5387420654297,29.989742279052734,0.05908999964594841
2022-06-17,20471.482421875,1086.519287109375,215.8917999267578,30.742919921875,0.059873998165130615
2022-06-18,19017.642578125,993.6367797851562,197.04299926757812,31.80793571472168,0.06092299893498421
2022-06-19,20553.271484375,1127.656494140625,214.9205322265625,34.24374771118164,0.06149499863386154
2022-06-20,20599.537109375,1127.6424560546875,216.93426513671875,35.4171142578125,0.06115199998021126
2022-06-21,20710.59765625,1124.8245849609375,219.49862670898438,36.121158599853516,0.06484600156545639
2022-06-22,19987.029296875,1051.421875,214.2619171142578,34.12163543701172,0.06312499940395355
2022-06-23,21085.876953125,1143.38671875,228.95375061035156,38.17523193359375,0.06374700367450714
2022-06-24,21231.65625,1226.8447265625,240.23831176757812,42.2120475769043,0.06590099632740021
2022-06-25,21502.337890625,1243.4468994140625,239.69065856933594,42.33281326293945,0.06491400301456451
2022-06-26,21027.294921875,1199.8316650390625,233.85874938964844,39.40808868408203,0.06496399641036987
2022-06-27,20735.478515625,1193.6806640625,233.65402221679688,38.45125198364258,0.06707199662923813
2022-06-28,20280.634765625,1144.5792236328125,226.92733764648438,35.326438903808594,0.06603799760341644
2022-06-29,20104.0234375,1098.94384765625,219.2844696044922,33.8739013671875,0.0648299977183342
2022-06-30,19784.7265625,1067.298828125,219.3000946044922,33.588417053222656,0.06475500017404556
2022-07-01,19269.3671875,1059.767333984375,216.0154571533203,32.803070068359375,0.06494399905204773
2022-07-02,19242.255859375,1066.5128173828125,218.0352325439453,33.35940933227539,0.06476599723100662
2022-07-03,19297.076171875,1073.7669677734375,218.98031616210938,33.38593292236328,0.06624600291252136
2022-07-04,20231.26171875,1151.05908203125,231.57412719726562,36.785030364990234,0.06723800301551819
2022-07-05,20190.115234375,1134.541015625,230.8463592529297,35.39555358886719,0.06819400191307068
2022-07-06,20548.24609375,1186.9739990234375,238.49993896484375,37.07356262207031,0.06758599728345871
2022-07-07,21637.587890625,1237.5933837890625,241.5445098876953,38.518306732177734,0.06864400207996368
2022-07-08,21731.1171875,1222.5062255859375,240.75071716308594,38.286720275878906,0.06902199983596802
2022-07-09,21592.20703125,1216.978271484375,243.24107360839844,38.07196044921875,0.06983300298452377
2022-07-10,20860.44921875,1168.401611328125,234.65557861328125,36.697608947753906,0.06764700263738632
2022-07-11,19970.556640625,1097.236572265625,225.85850524902344,33.463600158691406,0.06471800059080124
2022-07-12,19323.9140625,1038.191650390625,220.4645538330078,32.75759506225586,0.06464400142431259
2022-07-13,20212.07421875,1113.587158203125,230.52476501464844,34.91093826293945,0.0662430003285408
2022-07-14,20569.919921875,1191.5262451171875,238.1644744873047,37.10782241821289,0.06688199937343597
2022-07-15,20836.328125,1233.129150390625,238.57398986816406,37.41592788696289,0.06707099825143814
2022-07-16,21190.31640625,1352.62646484375,249.5938720703125,39.57412338256836,0.06889700144529343
2022-07-17,20779.34375,1338.6357421875,247.84848022460938,38.64472198486328,0.06742700189352036
2022-07-18,22485.689453125,1578.7178955078125,264.88604736328125,43.746158599853516,0.0690779983997345
2022-07-19,23389.43359375,1542.9752197265625,268.81732177734375,44.89987564086914,0.06914199888706207
2022-07-20,23231.732421875,1520.20068359375,258.33880615234375,42.09366989135742,0.06760500371456146
2022-07-21,23164.62890625,1576.74951171875,265.4625549316406,43.19059371948242,0.06803199648857117
2022-07-22,22714.978515625,1537.4051513671875,262.87744140625,40.61850357055664,0.06705400347709656
2022-07-23,22465.478515625,1549.2974853515625,259.4630126953125,40.040977478027344,0.06695900112390518
2022-07-24,22609.1640625,1599.4766845703125,261.8648681640625,41.00658416748047,0.06694400310516357
2022-07-25,21361.701171875,1445.3834228515625,245.14849853515625,36.711997985839844,0.06385499984025955
2022-07-26,21239.75390625,1441.8067626953125,248.9583740234375,36.190853118896484,0.06533899903297424
2022-07-27,22930.548828125,1636.232666015625,271.5043640136719,40.3078498840332,0.06866499781608582
2022-07-28,23843.88671875,1725.4681396484375,277.2939147949219,42.84526824951172,0.06975600123405457
2022-07-29,23804.6328125,1727.406982421875,293.9533386230469,41.926998138427734,0.06928999722003937
2022-07-30,23656.20703125,1695.969482421875,287.5361328125,43.755889892578125,0.06914299726486206
2022-07-31,23336.896484375,1681.517333984375,283.5794677734375,42.400203704833984,0.06894300132989883
2022-08-01,23314.19921875,1635.19580078125,283.53948974609375,41.78648376464844,0.06993699818849564
2022-08-02,22978.1171875,1632.9454345703125,283.82098388671875,39.7545051574707,0.06837300211191177
2022-08-03,22846.5078125,1618.87451171875,298.3567810058594,38.54441833496094,0.06782499700784683
2022-08-04,22630.95703125,1608.205810546875,310.7060546875,38.83067321777344,0.06894399970769882
2022-08-05,23289.314453125,1732.254638671875,315.185546875,40.561031341552734,0.06982800364494324
2022-08-06,22961.279296875,1691.6580810546875,315.06890869140625,40.0570068359375,0.06947200000286102
2022-08-07,23016.318359375,1677.9110107421875,311.61602783203125,39.890846252441406,0.06956827640533447
